日期,开盘,收盘,最高,最低,成交量,成交额
2023-05-08,1.016,1.016,1.018,1.012,2222736,225675887.000
2023-05-09,1.017,1.018,1.020,1.017,185500,18894125.000
2023-05-10,1.015,1.016,1.016,1.013,179626,18231290.000
2023-05-11,1.025,1.030,1.030,1.025,129966,13368681.000
2023-05-12,1.036,1.034,1.036,1.034,131006,13559428.000
2023-05-15,1.032,1.034,1.034,1.030,147573,15233902.000
2023-05-16,1.038,1.041,1.042,1.038,48534,5051233.000
2023-05-17,1.058,1.052,1.058,1.047,119295,12539440.000
2023-05-18,1.063,1.069,1.085,1.063,155647,16576129.000
2023-05-19,1.091,1.099,1.100,1.091,49219,5385381.000
2023-05-22,1.099,1.086,1.099,1.084,69912,7598379.000
2023-05-23,1.093,1.096,1.097,1.090,136469,14948954.000
2023-05-24,1.084,1.082,1.084,1.078,33257,3594383.000
2023-05-25,1.090,1.095,1.095,1.086,138310,15089933.000
2023-05-26,1.104,1.101,1.104,1.100,63225,6962521.000
2023-05-29,1.140,1.141,1.141,1.131,64033,7279826.000
2023-05-30,1.141,1.143,1.143,1.135,84996,9687221.000
2023-05-31,1.142,1.139,1.142,1.136,92629,10548492.000
2023-06-01,1.135,1.136,1.137,1.131,65961,7478909.000
2023-06-02,1.148,1.147,1.154,1.144,156491,17943814.000
2023-06-05,1.152,1.156,1.156,1.150,208611,24048268.000
2023-06-06,1.160,1.159,1.160,1.156,102799,11905559.000
2023-06-07,1.161,1.161,1.161,1.159,45491,5277897.000
2023-06-08,1.147,1.137,1.147,1.137,55767,6360879.000
2023-06-09,1.150,1.156,1.157,1.150,83995,9702599.000
2023-06-12,1.163,1.165,1.167,1.162,229226,26684512.000
2023-06-13,1.183,1.193,1.193,1.183,81657,9711965.000
2023-06-14,1.201,1.194,1.201,1.193,106053,12673240.000
2023-06-15,1.201,1.199,1.204,1.198,83991,10094081.000
2023-06-16,1.212,1.209,1.212,1.206,104124,12585758.000
2023-06-19,1.204,1.208,1.209,1.200,43315,5226098.000
2023-06-20,1.208,1.208,1.209,1.206,87154,10520096.000
2023-06-21,1.208,1.213,1.215,1.208,135631,16449111.000
2023-06-26,1.201,1.206,1.207,1.200,36456,4389644.000
2023-06-27,1.192,1.190,1.192,1.176,264171,31404023.000
2023-06-28,1.201,1.206,1.216,1.201,114445,13796839.000
2023-06-29,1.212,1.216,1.217,1.211,101966,12396730.000
2023-06-30,1.217,1.216,1.218,1.215,18645,2268241.000
2023-07-03,1.232,1.236,1.236,1.229,44066,5436533.000
2023-07-04,1.235,1.230,1.235,1.228,96396,11861687.000
2023-07-05,1.229,1.229,1.233,1.228,55942,6884728.000
2023-07-06,1.229,1.231,1.234,1.227,68975,8490602.000
2023-07-07,1.223,1.224,1.225,1.221,29591,3622516.000
2023-07-10,1.221,1.213,1.221,1.211,61068,7409271.000
2023-07-11,1.215,1.218,1.218,1.215,62239,7569663.000
2023-07-12,1.219,1.219,1.221,1.218,39037,4760776.000
2023-07-13,1.229,1.235,1.236,1.229,57983,7150548.000
2023-07-14,1.247,1.244,1.249,1.243,75866,9450166.000
2023-07-17,1.244,1.250,1.250,1.244,40352,5033767.000
2023-07-18,1.260,1.263,1.263,1.259,111078,14009467.000
2023-07-19,1.276,1.283,1.283,1.276,92151,11796620.000
2023-07-20,1.276,1.266,1.276,1.264,106464,13505903.000
2023-07-21,1.237,1.246,1.246,1.235,152414,18955290.000
2023-07-24,1.246,1.245,1.246,1.240,66632,8289865.000
2023-07-25,1.246,1.239,1.246,1.235,79699,9867680.000
2023-07-26,1.246,1.250,1.250,1.244,82646,10306563.000
2023-07-27,1.250,1.252,1.253,1.245,146977,18356123.000
2023-07-28,1.246,1.247,1.248,1.243,129236,16099737.000
2023-07-31,1.260,1.260,1.263,1.256,202770,25529792.000
2023-08-01,1.260,1.264,1.267,1.260,100730,12741507.000
2023-08-02,1.263,1.254,1.263,1.253,55079,6918659.000
2023-08-03,1.236,1.234,1.241,1.224,139035,17216131.000
2023-08-04,1.234,1.246,1.246,1.234,131156,16286050.000
2023-08-07,1.242,1.235,1.242,1.234,86839,10732508.000
2023-08-08,1.237,1.239,1.242,1.237,28894,3582285.000
2023-08-09,1.233,1.238,1.238,1.230,19407,2395904.000
2023-08-10,1.226,1.225,1.226,1.221,81034,9913154.000
2023-08-11,1.225,1.227,1.229,1.223,50934,6245184.000
2023-08-14,1.227,1.220,1.227,1.216,66320,8090141.000
2023-08-15,1.238,1.243,1.245,1.237,65999,8196222.000
2023-08-16,1.235,1.231,1.235,1.227,26896,3305059.000
2023-08-17,1.212,1.218,1.224,1.211,112287,13662216.000
2023-08-18,1.201,1.198,1.207,1.196,45624,5465960.000
2023-08-21,1.195,1.203,1.204,1.194,81769,9823606.000
2023-08-22,1.215,1.218,1.218,1.212,31433,3818250.000
2023-08-23,1.218,1.223,1.223,1.218,31326,3820555.000
2023-08-24,1.239,1.251,1.251,1.239,100158,12510872.000
2023-08-25,1.217,1.204,1.217,1.202,148987,17965968.000
2023-08-28,1.204,1.223,1.223,1.204,66206,8069606.000
2023-08-29,1.233,1.230,1.236,1.228,51096,6283280.000
2023-08-30,1.250,1.253,1.258,1.250,49531,6218285.000
2023-08-31,1.257,1.263,1.265,1.257,82328,10392799.000
2023-09-01,1.263,1.257,1.263,1.256,59493,7489410.000
2023-09-04,1.259,1.261,1.262,1.258,58639,7386180.000
2023-09-05,1.261,1.261,1.262,1.258,77047,9720063.000
2023-09-06,1.263,1.264,1.269,1.263,149101,18882555.000
2023-09-07,1.258,1.256,1.258,1.254,84009,10550942.000
2023-09-08,1.250,1.260,1.261,1.243,49647,6234507.000
2023-09-11,1.259,1.252,1.259,1.250,35838,4489564.000
2023-09-12,1.261,1.259,1.262,1.256,63782,8028983.000
2023-09-13,1.253,1.246,1.253,1.243,25165,3133771.000
2023-09-14,1.249,1.255,1.255,1.248,31754,3978567.000
2023-09-15,1.262,1.263,1.264,1.257,192244,24239704.000
2023-09-18,1.250,1.242,1.251,1.240,123038,15324117.000
2023-09-19,1.242,1.241,1.244,1.240,47874,5949292.000
2023-09-20,1.238,1.238,1.241,1.236,142745,17674610.000
2023-09-21,1.229,1.219,1.229,1.216,140371,17086999.000
2023-09-22,1.205,1.205,1.205,1.199,81278,9769093.000
2023-09-25,1.205,1.207,1.207,1.200,157136,18934509.000
2023-09-26,1.209,1.200,1.211,1.199,190327,22877501.000
2023-09-27,1.190,1.194,1.194,1.186,79756,9498757.000
2023-09-28,1.196,1.198,1.200,1.196,152417,18259122.000
2023-10-09,1.204,1.211,1.214,1.204,91220,11047736.000
2023-10-10,1.222,1.227,1.228,1.216,79181,9693785.000
2023-10-11,1.232,1.239,1.239,1.232,80062,9902218.000
2023-10-12,1.245,1.247,1.248,1.245,20854,2599665.000
2023-10-13,1.235,1.239,1.241,1.235,66208,8202812.000
2023-10-16,1.232,1.229,1.232,1.226,78108,9598762.000
2023-10-17,1.243,1.247,1.248,1.243,35504,4423902.000
2023-10-18,1.247,1.236,1.247,1.234,20254,2505145.000
2023-10-19,1.227,1.227,1.229,1.223,59805,7334918.000
2023-10-20,1.219,1.211,1.220,1.208,72288,8747109.000
2023-10-23,1.210,1.202,1.210,1.195,8188,982433.000
2023-10-24,1.203,1.209,1.214,1.202,34138,4122081.000
2023-10-25,1.212,1.209,1.215,1.208,14518,1757695.000
2023-10-26,1.191,1.172,1.191,1.121,63803,7463782.000
2023-10-27,1.166,1.173,1.173,1.164,70368,8236925.000
2023-10-30,1.173,1.174,1.175,1.169,31487,3688674.000
2023-10-31,1.177,1.176,1.184,1.170,31858,3739761.000
2023-11-01,1.180,1.188,1.188,1.180,35112,4158584.000
2023-11-02,1.209,1.212,1.213,1.207,39208,4744804.000
2023-11-03,1.231,1.224,1.231,1.220,71882,8804117.000
2023-11-06,1.233,1.237,1.239,1.233,27228,3369443.000
2023-11-07,1.233,1.237,1.241,1.233,34041,4215241.000
2023-11-08,1.255,1.248,1.255,1.245,33532,4189893.000
2023-11-09,1.248,1.253,1.254,1.248,25690,3213354.000
2023-11-10,1.241,1.243,1.244,1.240,18495,2297495.000
2023-11-13,1.267,1.269,1.271,1.265,75542,9588893.000
2023-11-14,1.268,1.274,1.274,1.266,27458,3491623.000
2023-11-15,1.297,1.294,1.300,1.286,98736,12777772.000
2023-11-16,1.294,1.286,1.294,1.284,56512,7268676.000
2023-11-17,1.288,1.291,1.291,1.285,29042,3743035.000
2023-11-20,1.283,1.273,1.285,1.272,67558,8627964.000
2023-11-21,1.287,1.290,1.292,1.284,89973,11600039.000
2023-11-22,1.283,1.281,1.284,1.279,119747,15338871.000
2023-11-23,1.292,1.286,1.292,1.286,109107,14042848.000
2023-11-24,1.285,1.291,1.292,1.285,22620,2918011.000
2023-11-27,1.291,1.286,1.291,1.279,89268,11456968.000
2023-11-28,1.288,1.288,1.289,1.284,24580,3163726.000
2023-11-29,1.290,1.287,1.290,1.285,56145,7225700.000
2023-11-30,1.287,1.287,1.287,1.284,21086,2711610.000
2023-12-01,1.284,1.281,1.284,1.276,104177,13340137.000
2023-12-04,1.286,1.281,1.286,1.279,251489,32208131.000
2023-12-05,1.277,1.268,1.277,1.267,136191,17282239.000
2023-12-06,1.278,1.286,1.286,1.278,232991,29894731.000
2023-12-07,1.280,1.271,1.280,1.270,267036,33955540.000
2023-12-08,1.285,1.287,1.291,1.285,124786,16055374.000
2023-12-11,1.293,1.296,1.297,1.293,226907,29379521.000
2023-12-12,1.307,1.311,1.312,1.305,112679,14748007.000
2023-12-13,1.327,1.325,1.327,1.323,53661,7104433.000
2023-12-14,1.337,1.340,1.344,1.333,161134,21550238.000
2023-12-15,1.335,1.325,1.335,1.323,185140,24526006.000
2023-12-18,1.331,1.336,1.336,1.329,268696,35815069.000
2023-12-19,1.345,1.346,1.346,1.341,149544,20106556.000
2023-12-20,1.350,1.353,1.354,1.349,173842,23519014.000
2023-12-21,1.340,1.338,1.343,1.329,145790,19481383.000
2023-12-22,1.345,1.346,1.350,1.344,138745,18676158.000
2023-12-25,1.347,1.347,1.352,1.346,133455,17984045.000
2023-12-26,1.347,1.354,1.354,1.347,233495,31573557.000
2023-12-27,1.360,1.360,1.362,1.356,127178,17295966.000
2023-12-28,1.360,1.355,1.363,1.353,355567,48346882.000
2023-12-29,1.353,1.353,1.354,1.345,159916,21589621.000
2024-01-02,1.344,1.347,1.348,1.341,231369,31142051.000
2024-01-03,1.338,1.329,1.338,1.327,148077,19685936.000
2024-01-04,1.320,1.318,1.320,1.316,252386,33237810.000
2024-01-05,1.316,1.310,1.316,1.309,270970,35540071.000
2024-01-08,1.312,1.310,1.316,1.308,212802,27915660.000
2024-01-09,1.337,1.341,1.341,1.337,145012,19409420.000
2024-01-10,1.342,1.342,1.344,1.341,424383,56958416.000
2024-01-11,1.353,1.355,1.355,1.352,450067,60921544.000
2024-01-12,1.351,1.354,1.354,1.347,348450,47098706.000
2024-01-15,1.354,1.363,1.365,1.353,300352,40762126.000
2024-01-16,1.356,1.352,1.360,1.351,274034,37108709.000
2024-01-17,1.359,1.351,1.362,1.349,283253,38424680.000
2024-01-18,1.351,1.355,1.355,1.347,389380,52613748.000
2024-01-19,1.371,1.377,1.378,1.371,199962,27523086.000
2024-01-22,1.405,1.413,1.414,1.405,436681,61613133.000
2024-01-23,1.413,1.399,1.413,1.396,537077,75380798.000
2024-01-24,1.405,1.415,1.426,1.405,611848,86722391.000
2024-01-25,1.416,1.410,1.419,1.408,319988,45148014.000
2024-01-26,1.400,1.404,1.408,1.400,250424,35174082.000
2024-01-29,1.400,1.411,1.411,1.396,294617,41467027.000
2024-01-30,1.429,1.424,1.438,1.421,417795,59475537.000
2024-01-31,1.410,1.407,1.410,1.400,299022,42085081.000
2024-02-01,1.391,1.393,1.397,1.385,344020,47912511.000
2024-02-02,1.417,1.420,1.422,1.411,249083,35348692.000
2024-02-05,1.427,1.435,1.435,1.427,409236,58602804.000
2024-02-06,1.435,1.443,1.444,1.431,262468,37762368.000
2024-02-07,1.435,1.428,1.435,1.423,293477,41917423.000
2024-02-08,1.441,1.464,1.481,1.440,738452,107850926.000
2024-02-19,1.466,1.459,1.466,1.432,197292,28643118.000
2024-02-20,1.454,1.452,1.474,1.439,618710,89761410.000
2024-02-21,1.435,1.428,1.437,1.426,775276,110896137.000
2024-02-22,1.444,1.451,1.452,1.439,382817,55312528.000
2024-02-23,1.490,1.461,1.490,1.430,816833,120000609.000
2024-02-26,1.450,1.446,1.450,1.445,442593,64059706.000
2024-02-27,1.446,1.446,1.449,1.444,419883,60732105.000
2024-02-28,1.450,1.456,1.456,1.449,597545,86767356.000
2024-02-29,1.450,1.445,1.450,1.439,244006,35246992.000
2024-03-01,1.460,1.464,1.464,1.450,273265,39923780.000
2024-03-04,1.477,1.487,1.487,1.477,422192,62639772.000
2024-03-05,1.476,1.471,1.480,1.469,317348,46711721.000
2024-03-06,1.455,1.462,1.463,1.451,429096,62504549.000
2024-03-07,1.465,1.462,1.465,1.457,429510,62744372.000
2024-03-08,1.486,1.490,1.491,1.481,375324,55774039.000
2024-03-11,1.460,1.466,1.470,1.460,382716,56145432.000
2024-03-12,1.464,1.474,1.476,1.463,343773,50521815.000
2024-03-13,1.492,1.492,1.492,1.487,387775,57764327.000
2024-03-14,1.481,1.488,1.489,1.481,324200,48203214.000
2024-03-15,1.480,1.478,1.484,1.476,300228,44448302.000
2024-03-18,1.465,1.479,1.482,1.464,306384,44990831.000
2024-03-19,1.482,1.469,1.482,1.469,253791,37329537.000
2024-03-20,1.474,1.472,1.477,1.470,248786,36623407.000
2024-03-21,1.485,1.501,1.501,1.485,515224,76942033.000
2024-03-22,1.504,1.498,1.504,1.491,437241,65455794.000
2024-03-25,1.498,1.502,1.503,1.498,241917,36329186.000
2024-03-26,1.506,1.505,1.506,1.499,343427,51574858.000
2024-03-27,1.501,1.511,1.520,1.495,335022,50614205.000
2024-03-28,1.513,1.515,1.520,1.506,406424,61459221.000
2024-03-29,1.511,1.538,1.666,1.510,534854,82542594.000
2024-04-01,1.550,1.518,1.550,1.515,394674,60061351.000
2024-04-02,1.518,1.501,1.518,1.496,555737,83515979.000
2024-04-03,1.491,1.474,1.491,1.472,289794,42811644.000
2024-04-08,1.473,1.481,1.482,1.470,479610,70769826.000
2024-04-09,1.478,1.490,1.497,1.473,471573,69919126.000
2024-04-10,1.486,1.485,1.490,1.484,117927,17521724.000
2024-04-11,1.470,1.467,1.470,1.465,421097,61756942.000
2024-04-12,1.489,1.492,1.492,1.489,154840,23073871.000
2024-04-15,1.471,1.476,1.476,1.467,116044,17069827.000
2024-04-16,1.445,1.440,1.450,1.435,225871,32525657.000
2024-04-17,1.442,1.438,1.446,1.437,116388,16782682.000
2024-04-18,1.422,1.435,1.436,1.422,145356,20755486.000
2024-04-19,1.416,1.408,1.416,1.391,267280,37361762.000
2024-04-22,1.390,1.395,1.396,1.388,548377,76249896.000
2024-04-23,1.400,1.403,1.403,1.397,99777,13966988.000
2024-04-24,1.429,1.436,1.436,1.429,182895,26219200.000
2024-04-25,1.418,1.409,1.418,1.407,147007,20730397.000
2024-04-26,1.431,1.434,1.436,1.431,599229,85938883.000
2024-04-29,1.449,1.446,1.449,1.443,122815,17749882.000
2024-04-30,1.445,1.449,1.449,1.444,183253,26506707.000
2024-05-06,1.452,1.452,1.454,1.447,101961,14777019.000
2024-05-07,1.465,1.465,1.466,1.463,74185,10867275.000
2024-05-08,1.466,1.469,1.469,1.465,133519,19598899.000
2024-05-09,1.468,1.465,1.468,1.463,57470,8422524.000
2024-05-10,1.470,1.474,1.474,1.470,112326,16525930.000
2024-05-13,1.474,1.480,1.481,1.474,93920,13887673.000
2024-05-14,1.481,1.479,1.481,1.476,70611,10441190.000
2024-05-15,1.489,1.487,1.491,1.487,104663,15587360.000
2024-05-16,1.514,1.510,1.514,1.508,214185,32351114.000
2024-05-17,1.508,1.507,1.509,1.504,54557,8219379.000
2024-05-20,1.507,1.511,1.511,1.507,100855,15227151.000
2024-05-21,1.519,1.517,1.520,1.516,190162,28859298.000
2024-05-22,1.522,1.522,1.524,1.521,102358,15576131.000
2024-05-23,1.528,1.537,1.537,1.528,119844,18378673.000
2024-05-24,1.518,1.513,1.518,1.512,203830,30873478.000
2024-05-27,1.528,1.533,1.533,1.525,134119,20498038.000
2024-05-28,1.538,1.536,1.538,1.532,161117,24719098.000
2024-05-29,1.536,1.532,1.537,1.530,205756,31532862.000
2024-05-30,1.521,1.512,1.521,1.511,169680,25696774.000
2024-05-31,1.502,1.504,1.508,1.498,241517,36324754.000
2024-06-03,1.510,1.516,1.516,1.510,141628,21441002.000
2024-06-04,1.515,1.512,1.518,1.511,180200,27315314.000
2024-06-05,1.518,1.521,1.522,1.518,94285,14337468.000
2024-06-06,1.550,1.548,1.552,1.547,259186,40184222.000
2024-06-07,1.548,1.552,1.552,1.547,183388,28437624.000
2024-06-11,1.552,1.555,1.555,1.552,122702,19055722.000
2024-06-12,1.579,1.568,1.579,1.566,131429,20608096.000
2024-06-13,1.595,1.601,1.601,1.594,179672,28694323.000
2024-06-14,1.601,1.600,1.602,1.596,107011,17106105.000
2024-06-17,1.603,1.605,1.606,1.603,115442,18528710.000
2024-06-18,1.622,1.627,1.634,1.622,390522,63455489.000
2024-06-19,1.630,1.628,1.635,1.626,191652,31212137.000
2024-06-20,1.628,1.639,1.641,1.628,148093,24221267.000
2024-06-21,1.614,1.621,1.623,1.613,374102,60573322.000
2024-06-24,1.617,1.614,1.617,1.607,202672,32681646.000
2024-06-25,1.591,1.598,1.600,1.588,231940,37003424.000
2024-06-26,1.626,1.622,1.628,1.614,221867,35950067.000
2024-06-27,1.623,1.621,1.625,1.614,282506,45809618.000
2024-06-28,1.634,1.651,1.653,1.634,575422,94747066.000
2024-07-01,1.645,1.655,1.660,1.633,335770,55277094.000
2024-07-02,1.678,1.670,1.678,1.659,501559,83540999.000
2024-07-03,1.702,1.703,1.704,1.680,422963,71662441.000
2024-07-04,1.725,1.681,1.734,1.673,808069,138120417.000
2024-07-05,1.684,1.689,1.701,1.674,468711,79007475.000
2024-07-08,1.709,1.699,1.711,1.689,365909,62149145.000
2024-07-09,1.702,1.718,1.718,1.698,518071,88415626.000
2024-07-10,1.721,1.702,1.721,1.700,272435,46496199.000
2024-07-11,1.715,1.714,1.717,1.708,587552,100673477.000
2024-07-12,1.678,1.659,1.678,1.653,705938,117277759.000
2024-07-15,1.670,1.685,1.685,1.669,520154,87287124.000
2024-07-16,1.688,1.683,1.692,1.682,544199,91819159.000
2024-07-17,1.680,1.669,1.681,1.666,541413,90670291.000
2024-07-18,1.624,1.637,1.640,1.615,524445,85321078.000
2024-07-19,1.620,1.614,1.624,1.613,252426,40892835.000
2024-07-22,1.604,1.607,1.608,1.596,398451,63827952.000
2024-07-23,1.635,1.618,1.635,1.613,480834,77849403.000
2024-07-24,1.604,1.597,1.609,1.596,237440,38044881.000
2024-07-25,1.550,1.551,1.559,1.542,496604,77032762.000
2024-07-26,1.539,1.543,1.545,1.537,823714,126921806.000
2024-07-29,1.561,1.568,1.568,1.558,421554,65882047.000
2024-07-30,1.551,1.555,1.558,1.546,353652,54828485.000
2024-07-31,1.540,1.552,1.553,1.537,544754,84205219.000
2024-08-01,1.599,1.591,1.600,1.582,469478,74696367.000
2024-08-02,1.539,1.511,1.539,1.510,687151,104856523.000
2024-08-05,1.443,1.405,1.448,1.380,790251,112456420.000
2024-08-06,1.456,1.455,1.466,1.450,960981,140225714.000
2024-08-07,1.455,1.465,1.474,1.453,621287,91176639.000
2024-08-08,1.441,1.440,1.447,1.431,380381,54746925.000
2024-08-09,1.481,1.485,1.489,1.475,497894,73916245.000
2024-08-12,1.493,1.495,1.496,1.489,228271,34097948.000
2024-08-13,1.498,1.503,1.504,1.495,205179,30768643.000
2024-08-14,1.529,1.530,1.539,1.528,439574,67300302.000
2024-08-15,1.534,1.537,1.538,1.532,237809,36518735.000
2024-08-16,1.579,1.589,1.590,1.574,499715,78993377.000
2024-08-19,1.591,1.565,1.595,1.564,373143,58745628.000
2024-08-20,1.594,1.597,1.598,1.589,270634,43140567.000
2024-08-21,1.583,1.587,1.589,1.583,192483,30535666.000
2024-08-22,1.599,1.591,1.599,1.587,298976,47568094.000
2024-08-23,1.568,1.577,1.577,1.568,318792,50106843.000
2024-08-26,1.584,1.578,1.586,1.577,385062,60829821.000
2024-08-27,1.562,1.562,1.564,1.557,442518,69028887.000
2024-08-28,1.561,1.568,1.568,1.560,257564,40285743.000
2024-08-29,1.537,1.538,1.539,1.531,286436,43963049.000
2024-08-30,1.543,1.548,1.548,1.541,253036,39074110.000
2024-09-02,1.562,1.557,1.562,1.555,226092,35251427.000
2024-09-03,1.563,1.559,1.563,1.556,209581,32682385.000
2024-09-04,1.497,1.498,1.505,1.495,834812,125225167.000
2024-09-05,1.504,1.502,1.510,1.500,165615,24925185.000
2024-09-06,1.498,1.497,1.505,1.493,384359,57607686.000
2024-09-09,1.470,1.480,1.481,1.469,314711,46423402.000
2024-09-10,1.489,1.486,1.492,1.483,228666,34019207.000
2024-09-11,1.499,1.499,1.503,1.490,218431,32688440.000
2024-09-12,1.535,1.544,1.545,1.530,376545,58002459.000
2024-09-13,1.553,1.550,1.555,1.549,570023,88469978.000
2024-09-18,1.548,1.546,1.548,1.544,476104,73597289.000
2024-09-19,1.548,1.560,1.560,1.547,426414,66314826.000
2024-09-20,1.574,1.567,1.575,1.565,390329,61262971.000
2024-09-23,1.573,1.571,1.581,1.571,420306,66198176.000
2024-09-24,1.571,1.571,1.572,1.563,371496,58223853.000
2024-09-25,1.566,1.562,1.567,1.560,421572,65911545.000
2024-09-26,1.579,1.591,1.591,1.579,445664,70520669.000
2024-09-27,1.572,1.573,1.578,1.563,185091,29118578.000
2024-09-30,1.538,1.568,1.570,1.526,954663,149188883.000
2024-10-08,1.526,1.561,1.568,1.526,781801,121747669.000
2024-10-09,1.581,1.583,1.596,1.576,866670,137167168.000
2024-10-10,1.596,1.603,1.607,1.595,620778,99413356.000
2024-10-11,1.605,1.607,1.610,1.603,234808,37718878.000
2024-10-14,1.607,1.609,1.609,1.604,159529,25626296.000
2024-10-15,1.622,1.633,1.635,1.621,194835,31748676.000
2024-10-16,1.616,1.616,1.617,1.610,139924,22580075.000
2024-10-17,1.618,1.621,1.623,1.608,285327,46049064.000
2024-10-18,1.616,1.615,1.617,1.611,213664,34477280.000
2024-10-21,1.621,1.617,1.625,1.616,149618,24219080.000
2024-10-22,1.619,1.621,1.623,1.619,163443,26495300.000
2024-10-23,1.627,1.629,1.629,1.626,106232,17287284.000
2024-10-24,1.616,1.612,1.616,1.609,122113,19675665.000
2024-10-25,1.618,1.619,1.623,1.617,82806,13410063.000
2024-10-28,1.637,1.638,1.641,1.636,131867,21599390.000
2024-10-29,1.633,1.637,1.637,1.628,107850,17590336.000
2024-10-30,1.651,1.650,1.655,1.647,152297,25148033.000
2024-10-31,1.629,1.617,1.632,1.617,213724,34688837.000
2024-11-01,1.590,1.598,1.600,1.590,162734,25953305.000
2024-11-04,1.598,1.604,1.605,1.598,130237,20861627.000
2024-11-05,1.595,1.598,1.598,1.590,110728,17647837.000
2024-11-06,1.621,1.656,1.657,1.619,402744,65955522.000
2024-11-07,1.682,1.679,1.691,1.675,404194,68006255.000
2024-11-08,1.691,1.696,1.697,1.691,185124,31351602.000
2024-11-11,1.700,1.709,1.710,1.699,163524,27878262.000
2024-11-12,1.710,1.712,1.712,1.708,202766,34670530.000
2024-11-13,1.704,1.703,1.710,1.700,152131,25921643.000
2024-11-14,1.703,1.705,1.710,1.703,98205,16759228.000
2024-11-15,1.695,1.682,1.695,1.680,90873,15310343.000
2024-11-18,1.661,1.670,1.670,1.661,122674,20433953.000
2024-11-19,1.670,1.672,1.672,1.662,137616,22978265.000
2024-11-20,1.681,1.686,1.686,1.681,145283,24453232.000
2024-11-21,1.674,1.675,1.676,1.670,180151,30131751.000
2024-11-22,1.684,1.687,1.689,1.682,240971,40623265.000
2024-11-25,1.699,1.700,1.701,1.697,173029,29390382.000
2024-11-26,1.690,1.700,1.701,1.689,148660,25180491.000
2024-11-27,1.706,1.706,1.710,1.704,265270,45285814.000
2024-11-28,1.690,1.698,1.700,1.689,211410,35824939.000
2024-11-29,1.697,1.697,1.699,1.692,97366,16509604.000
2024-12-02,1.706,1.707,1.708,1.702,119988,20458964.000
2024-12-03,1.728,1.735,1.735,1.727,98730,17103981.000
2024-12-04,1.742,1.743,1.744,1.739,128088,22301048.000
2024-12-05,1.758,1.755,1.761,1.754,183230,32207918.000
2024-12-06,1.746,1.749,1.751,1.745,150143,26249332.000
2024-12-09,1.766,1.776,1.777,1.763,145460,25761528.000
2024-12-10,1.751,1.756,1.757,1.748,281203,49323822.000
2024-12-11,1.753,1.756,1.757,1.749,151432,26526442.000
2024-12-12,1.784,1.788,1.789,1.781,214559,38322478.000
2024-12-13,1.785,1.794,1.794,1.779,366687,65436830.000
2024-12-16,1.797,1.804,1.805,1.794,239774,43206287.000
2024-12-17,1.835,1.838,1.844,1.820,414359,76145539.000
2024-12-18,1.836,1.840,1.841,1.826,325854,59841285.000
2024-12-19,1.778,1.787,1.790,1.772,612384,109266827.000
2024-12-20,1.784,1.764,1.784,1.755,362532,63983258.000
2024-12-23,1.788,1.811,1.812,1.788,490499,88377583.000
2024-12-24,1.830,1.812,1.830,1.799,565248,102677607.000
2024-12-25,1.831,1.849,1.857,1.826,567025,104151695.000
2024-12-26,1.857,1.877,1.882,1.834,940689,175570701.000
2024-12-27,1.860,1.863,1.876,1.855,557870,103837693.000
2024-12-30,1.821,1.836,1.848,1.821,314823,57829544.000
2024-12-31,1.820,1.819,1.838,1.811,572096,104305880.000
2025-01-02,1.815,1.837,1.846,1.812,471031,85931485.000
2025-01-03,1.834,1.821,1.840,1.819,387364,70832192.000
2025-01-06,1.849,1.898,1.942,1.849,1990808,373786615.000
2025-01-07,1.919,1.881,1.980,1.875,3343265,644106357.000
2025-01-08,1.838,1.880,1.929,1.831,2164143,405588848.000
2025-01-09,1.885,1.875,1.900,1.869,734217,137816823.000
2025-01-10,1.874,1.859,1.888,1.850,1069217,199773162.000
2025-01-13,1.837,1.800,1.838,1.782,610164,110412088.000
2025-01-14,1.820,1.825,1.827,1.801,759248,137664774.000
2025-01-15,1.811,1.806,1.815,1.803,289913,52422403.000
2025-01-16,1.864,1.858,1.864,1.840,861368,159177286.000
2025-01-17,1.836,1.852,1.862,1.832,461635,85185987.000
2025-01-20,1.870,1.884,1.886,1.864,561281,105176189.000
2025-01-21,1.882,1.907,1.939,1.868,2423662,462682203.000
2025-01-22,1.917,1.892,1.917,1.886,699623,133260672.000
2025-01-23,1.905,1.872,1.909,1.871,781546,147968218.000
2025-01-24,1.880,1.869,1.883,1.866,435198,81580108.000
2025-01-27,1.853,1.837,1.869,1.834,463998,85613573.000
2025-02-05,1.837,1.823,1.837,1.821,280188,51263860.000
2025-02-06,1.830,1.834,1.837,1.825,305202,55845319.000
2025-02-07,1.837,1.834,1.842,1.828,280651,51427382.000
2025-02-10,1.825,1.833,1.853,1.803,347927,63449294.000
2025-02-11,1.844,1.836,1.844,1.834,186009,34177284.000
2025-02-12,1.836,1.825,1.836,1.823,157194,28715935.000
2025-02-13,1.827,1.821,1.828,1.818,171919,31303626.000
2025-02-14,1.830,1.829,1.841,1.828,305434,56012380.000
2025-02-17,1.829,1.829,1.834,1.820,244926,44744063.000
2025-02-18,1.829,1.849,1.850,1.825,319053,58544410.000
2025-02-19,1.845,1.838,1.848,1.835,230027,42344618.000
2025-02-20,1.839,1.824,1.839,1.824,166197,30391957.000
2025-02-21,1.819,1.816,1.819,1.810,182745,33151427.000
2025-02-24,1.786,1.794,1.795,1.766,201581,35971840.000
2025-02-25,1.769,1.758,1.770,1.753,326949,57474116.000
2025-02-26,1.734,1.757,1.758,1.732,356918,62137422.000
2025-02-27,1.745,1.754,1.756,1.740,332671,58146374.000
2025-02-28,1.702,1.699,1.720,1.698,335450,57143843.000
2025-03-03,1.715,1.729,1.731,1.715,302982,52176227.000
2025-03-04,1.686,1.688,1.691,1.679,331348,55815460.000
2025-03-05,1.686,1.687,1.690,1.678,324995,54751551.000
2025-03-06,1.689,1.692,1.701,1.688,213878,36204529.000
2025-03-07,1.660,1.662,1.662,1.651,229825,38078806.000
2025-03-10,1.661,1.646,1.661,1.643,247973,40994717.000
2025-03-11,1.588,1.592,1.594,1.569,493316,78011347.000
2025-03-12,1.590,1.593,1.598,1.585,265253,42168749.000
2025-03-13,1.612,1.590,1.612,1.582,309903,49445315.000
2025-03-14,1.580,1.596,1.598,1.579,332192,52851399.000
2025-03-17,1.613,1.602,1.614,1.599,233405,37434261.000
2025-03-18,1.607,1.620,1.621,1.607,278373,44906806.000
2025-03-19,1.606,1.607,1.611,1.600,143746,23076996.000
2025-03-20,1.625,1.637,1.640,1.624,327375,53461270.000
2025-03-21,1.625,1.626,1.633,1.621,177238,28821720.000
2025-03-24,1.643,1.707,1.765,1.641,17545200,3034089568.000
2025-03-25,1.751,1.723,1.784,1.706,12874810,2238325745.000
2025-03-26,1.731,1.680,1.731,1.677,3501800,592379522.000
2025-03-27,1.643,1.646,1.650,1.637,1379925,226540814.000
2025-03-28,1.636,1.621,1.636,1.620,1571271,255691834.000
2025-03-31,1.570,1.562,1.630,1.560,2152213,339229801.000
2025-04-01,1.570,1.583,1.598,1.569,2464094,389209351.000
2025-04-02,1.593,1.588,1.595,1.587,1422187,226172207.000
2025-04-03,1.549,1.551,1.561,1.549,1249163,194165502.000
2025-04-07,1.396,1.396,1.396,1.396,284387,39700425.000
2025-04-08,1.437,1.450,1.464,1.437,1536813,222578833.000
2025-04-09,1.392,1.416,1.418,1.382,2375887,332432672.000
2025-04-10,1.558,1.558,1.558,1.549,2409178,374941474.000
2025-04-11,1.490,1.537,1.545,1.486,2035112,308948837.000
2025-04-14,1.560,1.561,1.564,1.551,1276329,198814626.000
2025-04-15,1.548,1.544,1.553,1.542,583733,90260939.000
2025-04-16,1.530,1.517,1.531,1.512,964430,146794626.000
2025-04-17,1.505,1.518,1.521,1.501,983929,148830615.000
2025-04-18,1.506,1.511,1.518,1.503,411907,62122297.000
2025-04-21,1.491,1.490,1.500,1.488,869651,129772706.000
2025-04-22,1.476,1.487,1.487,1.467,1303148,192218377.000
2025-04-23,1.522,1.530,1.531,1.517,2234548,340602390.000
2025-04-24,1.534,1.524,1.534,1.520,1242524,189889874.000
2025-04-25,1.577,1.580,1.581,1.571,2008643,316746457.000
2025-04-28,1.576,1.587,1.587,1.575,1125040,177810535.000
2025-04-29,1.588,1.585,1.595,1.584,734329,116742981.000
2025-04-30,1.586,1.586,1.587,1.582,602660,95515027.000
2025-05-06,1.610,1.605,1.613,1.602,725060,116539967.000
2025-05-07,1.612,1.610,1.614,1.606,962015,155006032.000
2025-05-08,1.620,1.630,1.634,1.619,1354829,220424400.000
2025-05-09,1.629,1.634,1.638,1.629,468383,76492797.000
2025-05-12,1.659,1.662,1.664,1.655,878053,145655787.000
2025-05-13,1.686,1.675,1.688,1.674,1087033,182482524.000
2025-05-14,1.706,1.722,1.723,1.705,1248448,214134146.000
2025-05-15,1.724,1.716,1.724,1.715,779164,134002047.000
2025-05-16,1.720,1.718,1.721,1.717,487797,83865751.000
2025-05-19,1.709,1.707,1.715,1.706,805611,137869057.000
2025-05-20,1.727,1.729,1.733,1.726,574748,99400774.000
2025-05-21,1.727,1.716,1.727,1.714,386481,66489268.000
2025-05-22,1.702,1.709,1.710,1.700,520659,88779769.000
2025-05-23,1.708,1.702,1.710,1.699,423606,72210955.000
2025-05-26,1.704,1.705,1.705,1.700,363957,61978138.000
2025-05-27,1.703,1.712,1.713,1.700,380731,64967485.000
2025-05-28,1.730,1.728,1.732,1.726,387693,67026975.000
2025-05-29,1.753,1.754,1.759,1.753,642186,112720908.000
2025-05-30,1.718,1.720,1.725,1.715,741446,127506223.000
2025-06-03,1.731,1.727,1.733,1.725,328658,56809492.000
2025-06-04,1.745,1.748,1.749,1.741,366488,63966979.000
2025-06-05,1.748,1.749,1.750,1.745,287316,50221824.000
2025-06-06,1.737,1.745,1.746,1.734,401666,69921659.000
2025-06-09,1.751,1.751,1.752,1.748,397256,69541654.000
2025-06-10,1.760,1.755,1.767,1.752,623368,109748426.000
2025-06-11,1.762,1.763,1.765,1.762,354473,62514441.000
2025-06-12,1.754,1.759,1.760,1.752,362137,63609969.000
2025-06-13,1.736,1.741,1.742,1.729,799336,138839528.000
2025-06-16,1.745,1.755,1.755,1.743,499272,87420870.000
2025-06-17,1.759,1.761,1.765,1.757,593758,104579002.000
2025-06-18,1.757,1.756,1.760,1.753,546246,95966643.000
2025-06-19,1.749,1.744,1.750,1.742,576833,100739529.000
2025-06-20,1.744,1.749,1.751,1.742,211060,36863392.000
2025-06-23,1.737,1.743,1.744,1.733,388151,67560723.000
2025-06-24,1.770,1.784,1.784,1.770,423493,75182095.000
2025-06-25,1.786,1.787,1.789,1.783,338041,60401973.000
2025-06-26,1.789,1.795,1.796,1.788,350745,62831839.000
2025-06-27,1.805,1.812,1.815,1.805,384095,69561960.000
2025-06-30,1.819,1.821,1.823,1.818,478278,87055049.000
2025-07-01,1.821,1.817,1.823,1.816,428371,77936203.000
2025-07-02,1.810,1.818,1.819,1.807,378351,68603912.000
2025-07-03,1.825,1.827,1.828,1.821,416218,75929978.000
2025-07-04,1.840,1.834,1.844,1.833,470718,86509282.000
2025-07-07,1.833,1.832,1.836,1.830,438091,80313032.000
2025-07-08,1.829,1.838,1.839,1.827,490033,89795214.000
2025-07-09,1.835,1.830,1.835,1.825,339406,62057193.000
2025-07-10,1.837,1.842,1.843,1.836,725113,133479035.000
2025-07-11,1.842,1.841,1.845,1.837,687573,126589909.000
2025-07-14,1.837,1.828,1.840,1.828,548598,100520056.000
2025-07-15,1.838,1.853,1.859,1.837,376607,69656952.000
2025-07-16,1.849,1.848,1.857,1.843,682680,126340265.000
2025-07-17,1.853,1.865,1.870,1.851,657049,122250245.000
2025-07-18,1.861,1.873,1.884,1.861,336970,63178381.000
2025-07-21,1.875,1.875,1.878,1.871,342251,64178502.000
2025-07-22,1.881,1.875,1.885,1.874,572364,107651011.000
2025-07-23,1.871,1.877,1.877,1.866,446502,83613991.000
2025-07-24,1.890,1.880,1.890,1.878,362688,68233806.000
2025-07-25,1.883,1.880,1.888,1.880,360467,67961055.000
2025-07-28,1.889,1.910,1.912,1.888,390779,74255700.000
2025-07-29,1.915,1.926,1.928,1.899,391390,74894835.000
2025-07-30,1.919,1.914,1.920,1.911,454725,87096981.000
2025-07-31,1.931,1.948,2.004,1.931,4182067,822045295.000
2025-08-01,1.905,1.910,1.959,1.905,1215468,234435168.000
2025-08-04,1.887,1.884,1.898,1.878,362268,68219021.000
2025-08-05,1.924,1.914,1.928,1.907,594655,113801497.000
2025-08-06,1.893,1.891,1.895,1.880,647244,122217715.000
2025-08-07,1.910,1.903,1.912,1.900,349026,66506540.000
2025-08-08,1.910,1.907,1.911,1.905,185575,35400514.000
2025-08-11,1.923,1.928,1.931,1.918,311592,60000148.000
2025-08-12,1.920,1.932,1.934,1.919,320103,61605767.000
2025-08-13,1.960,1.961,1.965,1.947,417016,81744032.000
2025-08-14,1.964,1.974,1.975,1.956,306015,60108154.000
2025-08-15,1.973,1.997,2.003,1.970,461417,91906967.000
2025-08-18,1.996,1.988,2.006,1.980,537091,106994810.000
2025-08-19,1.984,1.972,1.987,1.971,369840,73049330.000
2025-08-20,1.941,1.948,1.949,1.934,365618,71011447.000
2025-08-21,1.939,1.965,1.985,1.933,894327,175446890.000
2025-08-22,1.960,1.944,1.962,1.941,568568,110982242.000
2025-08-25,1.970,1.974,1.983,1.970,434131,85696077.000
2025-08-26,1.964,1.964,1.969,1.958,173535,34071467.000
2025-08-27,1.977,1.979,1.980,1.971,252646,49895258.000
2025-08-28,1.968,1.963,1.975,1.959,243883,47968368.000
2025-08-29,1.968,1.963,1.977,1.956,286077,56124704.000
2025-09-01,1.945,1.934,1.950,1.925,316274,61204265.000
2025-09-02,1.935,1.932,1.938,1.926,171237,33054958.000
2025-09-03,1.920,1.919,1.924,1.915,326005,62556738.000
2025-09-04,1.930,1.927,1.932,1.925,209573,40415147.000
2025-09-05,1.943,1.940,1.946,1.938,247550,48035325.000
2025-09-08,1.935,1.932,1.939,1.929,146591,28347090.000
2025-09-09,1.940,1.935,1.940,1.931,141502,27373455.000
2025-09-10,1.939,1.942,1.942,1.936,215685,41828847.000
2025-09-11,1.940,1.936,1.941,1.932,250563,48506215.000
2025-09-12,1.943,1.936,1.946,1.933,246703,47821143.000
2025-09-15,1.942,1.942,1.944,1.938,208592,40480173.000
2025-09-16,1.952,1.956,1.957,1.951,181974,35588834.000
2025-09-17,1.955,1.949,1.955,1.945,154265,30058061.000
2025-09-18,1.950,1.951,1.958,1.949,267916,52325690.000
2025-09-19,1.961,1.967,1.968,1.961,298759,58711839.000
2025-09-22,1.978,1.998,1.999,1.978,373227,74342425.000
2025-09-23,2.023,2.062,2.106,2.021,4279446,883778762.000
2025-09-24,2.037,2.059,2.060,2.026,926639,189607750.000
2025-09-25,2.059,2.052,2.067,2.040,513945,105522157.000
2025-09-26,2.041,2.048,2.049,2.037,275023,56178087.000
2025-09-29,2.065,2.127,2.129,2.058,1957478,410534315.000
2025-09-30,2.138,2.142,2.198,2.128,2545001,548629738.000
2025-10-09,2.173,2.125,2.182,2.117,1291094,276420450.000
2025-10-10,2.123,2.099,2.123,2.090,627163,131835131.000
2025-10-13,2.027,2.078,2.079,2.025,646766,133113606.000
2025-10-14,2.102,2.049,2.110,2.041,461171,95703876.000
2025-10-15,2.052,2.078,2.087,2.052,404109,83502156.000
2025-10-16,2.079,2.083,2.086,2.068,303305,62963229.000
2025-10-17,2.068,2.032,2.075,2.030,353141,72352456.000
2025-10-20,2.075,2.077,2.079,2.062,410957,85060741.000
2025-10-21,2.093,2.100,2.113,2.093,339706,71435418.000
2025-10-22,2.099,2.122,2.123,2.086,387698,81713365.000
2025-10-23,2.109,2.118,2.125,2.100,246097,51983288.000
2025-10-24,2.133,2.134,2.142,2.128,350230,74717198.000
2025-10-27,2.161,2.177,2.179,2.150,430613,93431458.000
2025-10-28,2.200,2.169,2.214,2.155,590814,129019907.000
2025-10-29,2.199,2.244,2.248,2.171,817284,181487686.000
2025-10-30,2.244,2.217,2.267,2.210,652388,146116385.000
2025-10-31,2.214,2.230,2.236,2.205,419641,93208859.000
2025-11-03,2.230,2.214,2.243,2.208,446323,99360287.000
2025-11-04,2.207,2.160,2.214,2.152,643493,140127918.000
2025-11-05,2.107,2.147,2.159,2.085,669987,142533708.000
2025-11-06,2.163,2.172,2.174,2.153,480437,104012375.000
2025-11-07,2.138,2.146,2.158,2.130,311350,66792913.000
2025-11-10,2.167,2.183,2.184,2.163,358538,77948532.000
2025-11-11,2.210,2.185,2.212,2.181,323927,71182084.000
2025-11-12,2.192,2.205,2.205,2.188,248516,54616630.000
2025-11-13,2.196,2.213,2.217,2.194,254675,56158590.000
2025-11-14,2.179,2.170,2.182,2.165,283894,61702470.000
2025-11-17,2.200,2.175,2.202,2.158,220658,48140759.000
2025-11-18,2.148,2.106,2.153,2.102,330736,70402288.000
2025-11-19,2.090,2.098,2.117,2.080,251610,52807707.000
2025-11-20,2.145,2.157,2.158,2.136,346869,74433701.000
2025-11-21,2.140,2.084,2.148,2.055,336592,69762138.000
2025-11-24,2.107,2.112,2.115,2.089,259952,54683918.000
2025-11-25,2.155,2.155,2.163,2.145,200055,43100985.000
2025-11-26,2.166,2.165,2.168,2.160,213185,46126344.000
2025-11-27,2.174,2.157,2.176,2.154,170694,37003630.000
2025-11-28,2.162,2.173,2.179,2.157,139029,30116712.000
2025-12-01,2.160,2.162,2.172,2.156,119185,25780081.000
2025-12-02,2.168,2.160,2.170,2.156,66556,14386949.000
2025-12-03,2.174,2.181,2.186,2.161,196166,42687178.000
2025-12-04,2.183,2.180,2.183,2.175,106953,23299504.000
2025-12-05,2.181,2.181,2.183,2.177,105355,22974259.000
2025-12-08,2.179,2.187,2.190,2.179,121430,26534888.000
2025-12-09,2.185,2.165,2.185,2.156,140979,30590878.000
2025-12-10,2.159,2.166,2.179,2.159,171039,37117745.000
2025-12-11,2.165,2.147,2.175,2.145,145960,31517087.000
2025-12-12,2.156,2.140,2.162,2.139,164753,35392489.000
2025-12-15,2.106,2.127,2.134,2.105,161755,34351378.000
2025-12-16,2.125,2.091,2.125,2.076,247034,51708156.000
2025-12-17,2.096,2.110,2.116,2.096,203323,42891211.000
2025-12-18,2.087,2.096,2.102,2.071,212195,44284809.000
2025-12-19,2.129,2.119,2.130,2.114,143860,30488986.000
2025-12-22,2.145,2.156,2.159,2.145,216073,46534527.000
2025-12-23,2.156,2.144,2.159,2.137,129025,27696523.000
2025-12-24,2.151,2.140,2.152,2.135,142415,30477053.000
2025-12-25,2.140,2.129,2.141,2.128,117370,25026177.000
2025-12-26,2.130,2.135,2.136,2.128,110340,23519511.000
2025-12-29,2.135,2.109,2.136,2.109,143018,30241286.000
2025-12-30,2.095,2.116,2.116,2.093,152224,31978173.000
2025-12-31,2.105,2.107,2.109,2.101,91647,19289656.000
2026-01-05,2.108,2.131,2.132,2.108,215020,45657315.000
2026-01-06,2.134,2.129,2.137,2.118,181794,38674640.000
2026-01-07,2.140,2.122,2.140,2.118,198481,42191475.000
2026-01-08,2.121,2.104,2.122,2.103,215049,45356393.000
2026-01-09,2.097,2.107,2.113,2.093,202479,42552194.000
2026-01-12,2.106,2.101,2.106,2.088,209463,43984118.000
2026-01-13,2.103,2.115,2.116,2.093,306916,64566574.000
2026-01-14,2.111,2.105,2.111,2.100,242270,50942538.000
2026-01-15,2.090,2.102,2.105,2.089,281910,59079761.000
2026-01-16,2.102,2.098,2.105,2.094,205367,43096493.000
2026-01-19,2.083,2.078,2.088,2.077,243002,50542248.000
2026-01-20,2.077,2.062,2.080,2.060,193562,40022937.000
2026-01-21,2.050,2.058,2.062,2.026,290439,59549504.000
2026-01-22,2.080,2.084,2.089,2.079,291973,60830551.000
2026-01-23,2.088,2.076,2.090,2.073,211533,44026317.000
2026-01-26,2.071,2.060,2.074,2.059,140468,28980427.000
2026-01-27,2.073,2.081,2.088,2.072,248455,51722197.000
2026-01-28,2.099,2.101,2.103,2.092,248377,52145308.000
2026-01-29,2.090,2.093,2.098,2.083,212686,44434993.000
2026-01-30,2.076,2.075,2.081,2.067,260034,53920627.000
2026-02-02,2.061,2.029,2.061,2.026,342137,69905953.000
2026-02-03,2.061,2.067,2.069,2.054,284795,58749952.000
2026-02-04,2.038,2.054,2.054,2.032,155848,31800077.000
2026-02-05,2.039,2.032,2.039,2.023,222175,45082123.000
2026-02-06,1.998,2.002,2.005,1.991,211908,42333716.000
2026-02-09,2.038,2.035,2.040,2.033,184970,37651146.000
2026-02-10,2.041,2.035,2.043,2.034,99969,20385169.000
2026-02-11,2.034,2.037,2.037,2.029,101884,20721322.000
2026-02-12,2.034,2.034,2.042,2.032,106995,21785125.000
2026-02-13,1.997,2.026,2.027,1.997,157763,31751471.000
2026-02-24,2.018,2.009,2.018,2.001,140929,28288852.000
2026-02-25,2.021,2.011,2.025,2.010,95841,19326943.000
2026-02-26,2.032,2.027,2.032,2.022,130799,26503105.000
2026-02-27,2.013,2.008,2.013,2.005,175238,35194488.000
2026-03-02,1.999,1.984,1.999,1.983,203185,40484145.000
2026-03-03,1.993,1.971,1.997,1.969,150969,29949616.000
2026-03-04,1.967,1.947,1.973,1.946,247142,48377283.000
2026-03-05,1.976,1.989,1.991,1.976,306786,60902312.000
2026-03-06,1.982,1.992,1.992,1.979,163441,32445578.000
2026-03-09,1.943,1.946,1.949,1.931,289185,56062442.000
2026-03-10,1.979,1.979,1.985,1.976,305770,60525829.000
2026-03-11,1.984,1.983,1.991,1.980,198826,39460584.000
2026-03-12,1.972,1.973,1.976,1.967,252138,49692255.000
2026-03-13,1.955,1.953,1.959,1.951,215165,42066552.000
2026-03-16,1.950,1.961,1.961,1.944,243228,47447523.000
2026-03-17,1.963,1.946,1.966,1.945,227191,44452670.000
2026-03-18,1.966,1.977,1.980,1.961,277840,54765259.000
2026-03-19,1.949,1.938,1.954,1.934,310119,60311891.000
2026-03-20,1.940,1.924,1.947,1.922,187070,36168057.000
2026-03-23,1.884,1.862,1.892,1.853,404068,75505294.000
2026-03-24,1.893,1.901,1.902,1.872,382255,71907646.000
2026-03-25,1.906,1.916,1.923,1.906,358671,68590945.000
2026-03-26,1.916,1.899,1.920,1.896,188554,35980631.000
2026-03-27,1.867,1.886,1.891,1.865,307610,57829472.000
2026-03-30,1.848,1.858,1.861,1.840,254350,47026931.000
2026-03-31,1.859,1.846,1.861,1.843,257734,47673770.000
2026-04-01,1.902,1.927,1.929,1.893,371561,70843167.000
2026-04-02,1.920,1.896,1.920,1.891,247506,47052367.000
2026-04-03,1.909,1.900,1.914,1.899,173997,33169578.000
2026-04-07,1.904,1.906,1.914,1.902,117679,22463726.000
2026-04-08,1.982,1.998,1.999,1.961,458110,90913327.000
2026-04-09,1.980,1.981,1.993,1.954,251339,49746189.000
2026-04-10,1.998,1.995,2.009,1.990,200956,40228712.000
2026-04-13,1.991,1.989,1.993,1.960,245630,48740348.000
2026-04-14,2.019,2.017,2.025,2.014,362796,73195881.000
2026-04-15,2.049,2.050,2.061,2.045,568620,116686330.000
2026-04-16,2.080,2.096,2.097,2.079,556142,116107721.000
2026-04-17,2.090,2.080,2.093,2.077,462863,96386271.000
2026-04-20,2.091,2.080,2.091,2.079,516062,107590234.000
2026-04-21,2.087,2.087,2.091,2.075,238461,49694659.000
2026-04-22,2.087,2.092,2.093,2.078,463224,96562642.000
2026-04-23,2.108,2.102,2.111,2.093,413970,86989358.000
2026-04-24,2.103,2.106,2.108,2.100,270239,56867488.000
2026-04-27,2.135,2.145,2.148,2.134,500818,107253530.000
2026-04-28,2.143,2.145,2.152,2.142,579585,124474506.000
2026-04-29,2.133,2.138,2.143,2.131,545008,116505365.000
2026-04-30,2.154,2.145,2.164,2.138,635246,136647857.000
2026-05-06,2.206,2.257,2.263,2.206,1377892,308640520.000
2026-05-07,2.312,2.317,2.322,2.286,909336,209745974.000
2026-05-08,2.297,2.279,2.297,2.259,1545088,351651400.000
2026-05-11,2.316,2.333,2.334,2.313,727893,169152892.000
2026-05-12,2.323,2.304,2.325,2.303,560898,129765418.000
2026-05-13,2.290,2.322,2.325,2.290,561683,129656857.000
2026-05-14,2.346,2.330,2.352,2.320,640536,149338031.000
2026-05-15,2.333,2.311,2.337,2.301,857571,199055160.000
2026-05-18,2.277,2.270,2.289,2.268,657932,149890646.000
2026-05-19,2.262,2.261,2.269,2.251,542075,122453338.000
2026-05-20,2.255,2.270,2.271,2.241,549617,123795225.000
2026-05-21,2.299,2.294,2.312,2.288,1081382,248674477.000
2026-05-22,2.313,2.329,2.330,2.309,736212,170867327.000
2026-05-25,2.383,2.417,2.421,2.371,1469327,351477346.000
2026-05-26,2.407,2.390,2.428,2.380,740292,177641228.000
2026-05-27,2.420,2.439,2.443,2.419,710737,172959037.000
2026-05-28,2.429,2.416,2.434,2.383,731331,176415349.000
2026-05-29,2.441,2.483,2.485,2.441,725477,178680515.000
2026-06-01,2.500,2.574,2.582,2.500,1282390,326488257.000
2026-06-02,2.574,2.543,2.574,2.317,763364,193941197.000
2026-06-03,2.566,2.509,2.569,2.486,825985,208656098.000
2026-06-04,2.464,2.453,2.478,2.442,689098,169173596.000
2026-06-05,2.420,2.423,2.455,2.402,428376,104136614.000
2026-06-08,2.320,2.330,2.365,2.315,705639,165271448.000
2026-06-09,2.373,2.422,2.428,2.353,621757,148925785.000
2026-06-10,2.410,2.358,2.410,2.345,497145,117438684.000
2026-06-11,2.330,2.336,2.356,2.302,495027,114973948.000
2026-06-12,2.420,2.375,2.423,2.367,444077,106751616.000
2026-06-15,2.444,2.478,2.481,2.433,682013,167561760.000
2026-06-16,2.511,2.507,2.535,2.503,710202,178763948.000
2026-06-17,2.476,2.509,2.513,2.465,618810,154177207.000
2026-06-18,2.496,2.500,2.502,2.472,492250,122685279.000
2026-06-22,2.500,2.494,2.518,2.471,295546,73565069.000
2026-06-23,2.466,2.412,2.466,2.407,585461,142430586.000
2026-06-24,2.390,2.425,2.427,2.387,716164,172597251.000
2026-06-25,2.447,2.453,2.460,2.428,501142,122393607.000
2026-06-26,2.453,2.388,2.453,2.360,589910,140386468.000
2026-06-29,2.388,2.402,2.404,2.364,364811,87136616.000
2026-06-30,2.433,2.435,2.443,2.429,403104,98128041.000
2026-07-01,2.460,2.440,2.466,2.434,513852,125726929.000
2026-07-02,2.427,2.380,2.427,2.379,844329,203196900.000
2026-07-03,2.366,2.395,2.400,2.360,721308,171729638.000
2026-07-06,2.398,2.397,2.399,2.365,1297323,308850882.000
2026-07-07,2.388,2.385,2.393,2.370,1222848,291504491.000
2026-07-08,2.370,2.346,2.375,2.345,2018176,476169019.000
2026-07-09,2.365,2.381,2.388,2.350,1654196,391109770.000
2026-07-10,2.393,2.384,2.404,2.381,1119732,268074816.000
2026-07-13,2.348,2.368,2.390,2.348,877521,208308253.000
2026-07-14,2.350,2.372,2.376,2.333,1366876,321422379.000
2026-07-15,2.392,2.402,2.406,2.383,910045,217952863.000
2026-07-16,2.375,2.377,2.392,2.370,772131,183975589.000
2026-07-17,2.337,2.298,2.338,2.293,1111789,257094306.000
2026-07-20,2.299,2.298,2.317,2.298,695757,160434127.000
2026-07-21,2.308,2.342,2.345,2.307,689199,160239616.000
2026-07-22,2.346,2.336,2.358,2.333,842914,197996612.000
2026-07-23,2.349,2.334,2.350,2.330,608876,142376490.000
2026-07-24,2.300,2.303,2.308,2.295,631634,145333665.000
2026-07-27,2.304,2.324,2.325,2.298,785653,181592354.000
2026-07-28,2.273,2.259,2.283,2.255,823145,186440205.000
2026-07-29,2.263,2.268,2.269,2.246,583729,131751437.000
2026-07-30,2.244,2.231,2.255,2.218,804027,179598443.000
2026-07-31,2.319,2.315,2.324,2.306,717500,166150857.000
2026-08-03,2.317,2.326,2.335,2.317,394523,91726369.000
2026-08-04,2.363,2.392,2.395,2.363,625491,148995243.000
2026-08-05,2.485,2.479,2.485,2.467,854159,211384353.000
2026-08-06,2.439,2.441,2.448,2.425,893954,217841024.000
2026-08-07,2.438,2.455,2.456,2.433,491766,120075364.000
2026-08-10,2.475,2.466,2.488,2.450,495275,122223240.000
2026-08-11,2.450,2.429,2.460,2.429,504179,123097902.000
2026-08-12,2.422,2.438,2.442,2.414,484621,117685564.000
2026-08-13,2.443,2.442,2.457,2.439,475939,116520973.000
2026-08-14,2.470,2.484,2.486,2.455,618490,153143818.000
2026-08-17,2.486,2.497,2.505,2.478,474254,117975911.000
2026-08-18,2.496,2.455,2.496,2.452,443401,109218809.000
2026-08-19,2.424,2.406,2.428,2.396,694732,167250816.000
2026-08-20,2.423,2.430,2.432,2.418,564343,136956607.000
2026-08-21,2.401,2.409,2.413,2.389,698268,167485121.000
2026-08-24,2.411,2.380,2.412,2.379,552371,132124356.000
2026-08-25,2.370,2.410,2.414,2.368,635671,152234366.000
2026-08-26,2.395,2.410,2.419,2.390,465854,112232043.000
2026-08-27,2.431,2.439,2.445,2.422,517961,126332801.000
2026-08-28,2.460,2.440,2.469,2.439,371728,91136414.000
