日期,开盘,收盘,最高,最低,成交量,成交额,振幅%,涨跌幅%,涨跌额,换手率%
2025-08-28,1.968,1.963,1.975,1.959,243883,47968368.000,0.81,-0.81,-0.016,1.14
2025-08-29,1.968,1.963,1.977,1.956,286077,56124704.000,1.07,0.00,0.000,1.34
2025-09-01,1.945,1.934,1.950,1.925,316274,61204265.000,1.27,-1.48,-0.029,1.48
2025-09-02,1.935,1.932,1.938,1.926,171237,33054958.000,0.62,-0.10,-0.002,0.80
2025-09-03,1.920,1.919,1.924,1.915,326005,62556738.000,0.47,-0.67,-0.013,1.52
2025-09-04,1.930,1.927,1.932,1.925,209573,40415147.000,0.36,0.42,0.008,0.98
2025-09-05,1.943,1.940,1.946,1.938,247550,48035325.000,0.42,0.67,0.013,1.16
2025-09-08,1.935,1.932,1.939,1.929,146591,28347090.000,0.52,-0.41,-0.008,0.68
2025-09-09,1.940,1.935,1.940,1.931,141502,27373455.000,0.47,0.16,0.003,0.66
2025-09-10,1.939,1.942,1.942,1.936,215685,41828847.000,0.31,0.36,0.007,1.01
2025-09-11,1.940,1.936,1.941,1.932,250563,48506215.000,0.46,-0.31,-0.006,1.17
2025-09-12,1.943,1.936,1.946,1.933,246703,47821143.000,0.67,0.00,0.000,1.15
2025-09-15,1.942,1.942,1.944,1.938,208592,40480173.000,0.31,0.31,0.006,0.97
2025-09-16,1.952,1.956,1.957,1.951,181974,35588834.000,0.31,0.72,0.014,0.85
2025-09-17,1.955,1.949,1.955,1.945,154265,30058061.000,0.51,-0.36,-0.007,0.72
2025-09-18,1.950,1.951,1.958,1.949,267916,52325690.000,0.46,0.10,0.002,1.25
2025-09-19,1.961,1.967,1.968,1.961,298759,58711839.000,0.36,0.82,0.016,1.39
2025-09-22,1.978,1.998,1.999,1.978,373227,74342425.000,1.07,1.58,0.031,1.74
2025-09-23,2.023,2.062,2.106,2.021,4279446,883778762.000,4.25,3.20,0.064,19.98
2025-09-24,2.037,2.059,2.060,2.026,926639,189607750.000,1.65,-0.15,-0.003,4.33
2025-09-25,2.059,2.052,2.067,2.040,513945,105522157.000,1.31,-0.34,-0.007,2.40
2025-09-26,2.041,2.048,2.049,2.037,275023,56178087.000,0.58,-0.19,-0.004,1.28
2025-09-29,2.065,2.127,2.129,2.058,1957478,410534315.000,3.47,3.86,0.079,9.14
2025-09-30,2.138,2.142,2.198,2.128,2545001,548629738.000,3.29,0.71,0.015,11.88
2025-10-09,2.173,2.125,2.182,2.117,1291094,276420450.000,3.03,-0.79,-0.017,6.03
2025-10-10,2.123,2.099,2.123,2.090,627163,131835131.000,1.55,-1.22,-0.026,2.93
2025-10-13,2.027,2.078,2.079,2.025,646766,133113606.000,2.57,-1.00,-0.021,3.02
2025-10-14,2.102,2.049,2.110,2.041,461171,95703876.000,3.32,-1.40,-0.029,2.15
2025-10-15,2.052,2.078,2.087,2.052,404109,83502156.000,1.71,1.42,0.029,1.89
2025-10-16,2.079,2.083,2.086,2.068,303305,62963229.000,0.87,0.24,0.005,1.42
2025-10-17,2.068,2.032,2.075,2.030,353141,72352456.000,2.16,-2.45,-0.051,1.65
2025-10-20,2.075,2.077,2.079,2.062,410957,85060741.000,0.84,2.21,0.045,1.92
2025-10-21,2.093,2.100,2.113,2.093,339706,71435418.000,0.96,1.11,0.023,1.59
2025-10-22,2.099,2.122,2.123,2.086,387698,81713365.000,1.76,1.05,0.022,1.81
2025-10-23,2.109,2.118,2.125,2.100,246097,51983288.000,1.18,-0.19,-0.004,1.15
2025-10-24,2.133,2.134,2.142,2.128,350230,74717198.000,0.66,0.76,0.016,1.63
2025-10-27,2.161,2.177,2.179,2.150,430613,93431458.000,1.36,2.01,0.043,2.01
2025-10-28,2.200,2.169,2.214,2.155,590814,129019907.000,2.71,-0.37,-0.008,2.76
2025-10-29,2.199,2.244,2.248,2.171,817284,181487686.000,3.55,3.46,0.075,3.81
2025-10-30,2.244,2.217,2.267,2.210,652388,146116385.000,2.54,-1.20,-0.027,3.05
2025-10-31,2.214,2.230,2.236,2.205,419641,93208859.000,1.40,0.59,0.013,1.96
2025-11-03,2.230,2.214,2.243,2.208,446323,99360287.000,1.57,-0.72,-0.016,2.08
2025-11-04,2.207,2.160,2.214,2.152,643493,140127918.000,2.80,-2.44,-0.054,3.00
2025-11-05,2.107,2.147,2.159,2.085,669987,142533708.000,3.43,-0.60,-0.013,3.13
2025-11-06,2.163,2.172,2.174,2.153,480437,104012375.000,0.98,1.16,0.025,2.24
2025-11-07,2.138,2.146,2.158,2.130,311350,66792913.000,1.29,-1.20,-0.026,1.45
2025-11-10,2.167,2.183,2.184,2.163,358538,77948532.000,0.98,1.72,0.037,1.67
2025-11-11,2.210,2.185,2.212,2.181,323927,71182084.000,1.42,0.09,0.002,1.51
2025-11-12,2.192,2.205,2.205,2.188,248516,54616630.000,0.78,0.92,0.020,1.16
2025-11-13,2.196,2.213,2.217,2.194,254675,56158590.000,1.04,0.36,0.008,1.19
2025-11-14,2.179,2.170,2.182,2.165,283894,61702470.000,0.77,-1.94,-0.043,1.33
2025-11-17,2.200,2.175,2.202,2.158,220658,48140759.000,2.03,0.23,0.005,1.03
2025-11-18,2.148,2.106,2.153,2.102,330736,70402288.000,2.34,-3.17,-0.069,1.54
2025-11-19,2.090,2.098,2.117,2.080,251610,52807707.000,1.76,-0.38,-0.008,1.17
2025-11-20,2.145,2.157,2.158,2.136,346869,74433701.000,1.05,2.81,0.059,1.62
2025-11-21,2.140,2.084,2.148,2.055,336592,69762138.000,4.31,-3.38,-0.073,1.57
2025-11-24,2.107,2.112,2.115,2.089,259952,54683918.000,1.25,1.34,0.028,1.21
2025-11-25,2.155,2.155,2.163,2.145,200055,43100985.000,0.85,2.04,0.043,0.93
2025-11-26,2.166,2.165,2.168,2.160,213185,46126344.000,0.37,0.46,0.010,1.00
2025-11-27,2.174,2.157,2.176,2.154,170694,37003630.000,1.02,-0.37,-0.008,0.80
2025-11-28,2.162,2.173,2.179,2.157,139029,30116712.000,1.02,0.74,0.016,0.65
2025-12-01,2.160,2.162,2.172,2.156,119185,25780081.000,0.74,-0.51,-0.011,0.56
2025-12-02,2.168,2.160,2.170,2.156,66556,14386949.000,0.65,-0.09,-0.002,0.31
2025-12-03,2.174,2.181,2.186,2.161,196166,42687178.000,1.16,0.97,0.021,0.92
2025-12-04,2.183,2.180,2.183,2.175,106953,23299504.000,0.37,-0.05,-0.001,0.50
2025-12-05,2.181,2.181,2.183,2.177,105355,22974259.000,0.28,0.05,0.001,0.49
2025-12-08,2.179,2.187,2.190,2.179,121430,26534888.000,0.50,0.28,0.006,0.57
2025-12-09,2.185,2.165,2.185,2.156,140979,30590878.000,1.33,-1.01,-0.022,0.66
2025-12-10,2.159,2.166,2.179,2.159,171039,37117745.000,0.92,0.05,0.001,0.80
2025-12-11,2.165,2.147,2.175,2.145,145960,31517087.000,1.39,-0.88,-0.019,0.68
2025-12-12,2.156,2.140,2.162,2.139,164753,35392489.000,1.07,-0.33,-0.007,0.77
2025-12-15,2.106,2.127,2.134,2.105,161755,34351378.000,1.36,-0.61,-0.013,0.76
2025-12-16,2.125,2.091,2.125,2.076,247034,51708156.000,2.30,-1.69,-0.036,1.15
2025-12-17,2.096,2.110,2.116,2.096,203323,42891211.000,0.96,0.91,0.019,0.95
2025-12-18,2.087,2.096,2.102,2.071,212195,44284809.000,1.47,-0.66,-0.014,0.99
2025-12-19,2.129,2.119,2.130,2.114,143860,30488986.000,0.76,1.10,0.023,0.67
2025-12-22,2.145,2.156,2.159,2.145,216073,46534527.000,0.66,1.75,0.037,1.01
2025-12-23,2.156,2.144,2.159,2.137,129025,27696523.000,1.02,-0.56,-0.012,0.60
2025-12-24,2.151,2.140,2.152,2.135,142415,30477053.000,0.79,-0.19,-0.004,0.66
2025-12-25,2.140,2.129,2.141,2.128,117370,25026177.000,0.61,-0.51,-0.011,0.55
2025-12-26,2.130,2.135,2.136,2.128,110340,23519511.000,0.38,0.28,0.006,0.52
2025-12-29,2.135,2.109,2.136,2.109,143018,30241286.000,1.26,-1.22,-0.026,0.67
2025-12-30,2.095,2.116,2.116,2.093,152224,31978173.000,1.09,0.33,0.007,0.71
2025-12-31,2.105,2.107,2.109,2.101,91647,19289656.000,0.38,-0.43,-0.009,0.43
2026-01-05,2.108,2.131,2.132,2.108,215020,45657315.000,1.14,1.14,0.024,1.00
2026-01-06,2.134,2.129,2.137,2.118,181794,38674640.000,0.89,-0.09,-0.002,0.85
2026-01-07,2.140,2.122,2.140,2.118,198481,42191475.000,1.03,-0.33,-0.007,0.93
2026-01-08,2.121,2.104,2.122,2.103,215049,45356393.000,0.90,-0.85,-0.018,1.00
2026-01-09,2.097,2.107,2.113,2.093,202479,42552194.000,0.95,0.14,0.003,0.95
2026-01-12,2.106,2.101,2.106,2.088,209463,43984118.000,0.85,-0.28,-0.006,0.98
2026-01-13,2.103,2.115,2.116,2.093,306916,64566574.000,1.09,0.67,0.014,1.43
2026-01-14,2.111,2.105,2.111,2.100,242270,50942538.000,0.52,-0.47,-0.010,1.13
2026-01-15,2.090,2.102,2.105,2.089,281910,59079761.000,0.76,-0.14,-0.003,1.32
2026-01-16,2.102,2.098,2.105,2.094,205367,43096493.000,0.52,-0.19,-0.004,0.96
2026-01-19,2.083,2.078,2.088,2.077,243002,50542248.000,0.52,-0.95,-0.020,1.13
2026-01-20,2.077,2.062,2.080,2.060,193562,40022937.000,0.96,-0.77,-0.016,0.90
2026-01-21,2.050,2.058,2.062,2.026,290439,59549504.000,1.75,-0.19,-0.004,1.36
2026-01-22,2.080,2.084,2.089,2.079,291973,60830551.000,0.49,1.26,0.026,1.36
2026-01-23,2.088,2.076,2.090,2.073,211533,44026317.000,0.82,-0.38,-0.008,0.99
2026-01-26,2.071,2.060,2.074,2.059,140468,28980427.000,0.72,-0.77,-0.016,0.66
2026-01-27,2.073,2.081,2.088,2.072,248455,51722197.000,0.78,1.02,0.021,1.16
2026-01-28,2.099,2.101,2.103,2.092,248377,52145308.000,0.53,0.96,0.020,1.16
2026-01-29,2.090,2.093,2.098,2.083,212686,44434993.000,0.71,-0.38,-0.008,0.99
2026-01-30,2.076,2.075,2.081,2.067,260034,53920627.000,0.67,-0.86,-0.018,1.21
2026-02-02,2.061,2.029,2.061,2.026,342137,69905953.000,1.69,-2.22,-0.046,1.60
2026-02-03,2.061,2.067,2.069,2.054,284795,58749952.000,0.74,1.87,0.038,1.33
2026-02-04,2.038,2.054,2.054,2.032,155848,31800077.000,1.06,-0.63,-0.013,0.73
2026-02-05,2.039,2.032,2.039,2.023,222175,45082123.000,0.78,-1.07,-0.022,1.04
2026-02-06,1.998,2.002,2.005,1.991,211908,42333716.000,0.69,-1.48,-0.030,0.99
2026-02-09,2.038,2.035,2.040,2.033,184970,37651146.000,0.35,1.65,0.033,0.86
2026-02-10,2.041,2.035,2.043,2.034,99969,20385169.000,0.44,0.00,0.000,0.47
2026-02-11,2.034,2.037,2.037,2.029,101884,20721322.000,0.39,0.10,0.002,0.48
2026-02-12,2.034,2.034,2.042,2.032,106995,21785125.000,0.49,-0.15,-0.003,0.50
2026-02-13,1.997,2.026,2.027,1.997,157763,31751471.000,1.47,-0.39,-0.008,0.74
2026-02-24,2.018,2.009,2.018,2.001,140929,28288852.000,0.84,-0.84,-0.017,0.66
2026-02-25,2.021,2.011,2.025,2.010,95841,19326943.000,0.75,0.10,0.002,0.45
2026-02-26,2.032,2.027,2.032,2.022,130799,26503105.000,0.50,0.80,0.016,0.61
2026-02-27,2.013,2.008,2.013,2.005,175238,35194488.000,0.39,-0.94,-0.019,0.82
2026-03-02,1.999,1.984,1.999,1.983,203185,40484145.000,0.80,-1.20,-0.024,0.95
2026-03-03,1.993,1.971,1.997,1.969,150969,29949616.000,1.41,-0.66,-0.013,0.70
2026-03-04,1.967,1.947,1.973,1.946,247142,48377283.000,1.37,-1.22,-0.024,1.15
2026-03-05,1.976,1.989,1.991,1.976,306786,60902312.000,0.77,2.16,0.042,1.43
2026-03-06,1.982,1.992,1.992,1.979,163441,32445578.000,0.65,0.15,0.003,0.76
2026-03-09,1.943,1.946,1.949,1.931,289185,56062442.000,0.90,-2.31,-0.046,1.35
2026-03-10,1.979,1.979,1.985,1.976,305770,60525829.000,0.46,1.70,0.033,1.43
2026-03-11,1.984,1.983,1.991,1.980,198826,39460584.000,0.56,0.20,0.004,0.93
2026-03-12,1.972,1.973,1.976,1.967,252138,49692255.000,0.45,-0.50,-0.010,1.18
2026-03-13,1.955,1.953,1.959,1.951,215165,42066552.000,0.41,-1.01,-0.020,1.00
2026-03-16,1.950,1.961,1.961,1.944,243228,47447523.000,0.87,0.41,0.008,1.14
2026-03-17,1.963,1.946,1.966,1.945,227191,44452670.000,1.07,-0.76,-0.015,1.06
2026-03-18,1.966,1.977,1.980,1.961,277840,54765259.000,0.98,1.59,0.031,1.30
2026-03-19,1.949,1.938,1.954,1.934,310119,60311891.000,1.01,-1.97,-0.039,1.45
2026-03-20,1.940,1.924,1.947,1.922,187070,36168057.000,1.29,-0.72,-0.014,0.87
2026-03-23,1.884,1.862,1.892,1.853,404068,75505294.000,2.03,-3.22,-0.062,1.89
2026-03-24,1.893,1.901,1.902,1.872,382255,71907646.000,1.61,2.09,0.039,1.78
2026-03-25,1.906,1.916,1.923,1.906,358671,68590945.000,0.89,0.79,0.015,1.67
2026-03-26,1.916,1.899,1.920,1.896,188554,35980631.000,1.25,-0.89,-0.017,0.88
2026-03-27,1.867,1.886,1.891,1.865,307610,57829472.000,1.37,-0.68,-0.013,1.44
2026-03-30,1.848,1.858,1.861,1.840,254350,47026931.000,1.11,-1.48,-0.028,1.19
2026-03-31,1.859,1.846,1.861,1.843,257734,47673770.000,0.97,-0.65,-0.012,1.20
2026-04-01,1.902,1.927,1.929,1.893,371561,70843167.000,1.95,4.39,0.081,1.73
2026-04-02,1.920,1.896,1.920,1.891,247506,47052367.000,1.50,-1.61,-0.031,1.16
2026-04-03,1.909,1.900,1.914,1.899,173997,33169578.000,0.79,0.21,0.004,0.81
2026-04-07,1.904,1.906,1.914,1.902,117679,22463726.000,0.63,0.32,0.006,0.55
2026-04-08,1.982,1.998,1.999,1.961,458110,90913327.000,1.99,4.83,0.092,2.14
2026-04-09,1.980,1.981,1.993,1.954,251339,49746189.000,1.95,-0.85,-0.017,1.17
2026-04-10,1.998,1.995,2.009,1.990,200956,40228712.000,0.96,0.71,0.014,0.94
2026-04-13,1.991,1.989,1.993,1.960,245630,48740348.000,1.65,-0.30,-0.006,1.15
2026-04-14,2.019,2.017,2.025,2.014,362796,73195881.000,0.55,1.41,0.028,1.69
2026-04-15,2.049,2.050,2.061,2.045,568620,116686330.000,0.79,1.64,0.033,2.65
2026-04-16,2.080,2.096,2.097,2.079,556142,116107721.000,0.88,2.24,0.046,2.60
2026-04-17,2.090,2.080,2.093,2.077,462863,96386271.000,0.76,-0.76,-0.016,2.16
2026-04-20,2.091,2.080,2.091,2.079,516062,107590234.000,0.58,0.00,0.000,2.41
2026-04-21,2.087,2.087,2.091,2.075,238461,49694659.000,0.77,0.34,0.007,1.11
2026-04-22,2.087,2.092,2.093,2.078,463224,96562642.000,0.72,0.24,0.005,2.16
2026-04-23,2.108,2.102,2.111,2.093,413970,86989358.000,0.86,0.48,0.010,1.93
2026-04-24,2.103,2.106,2.108,2.100,270239,56867488.000,0.38,0.19,0.004,1.26
2026-04-27,2.135,2.145,2.148,2.134,500818,107253530.000,0.66,1.85,0.039,2.34
2026-04-28,2.143,2.145,2.152,2.142,579585,124474506.000,0.47,0.00,0.000,2.71
2026-04-29,2.133,2.138,2.143,2.131,545008,116505365.000,0.56,-0.33,-0.007,2.54
2026-04-30,2.154,2.145,2.164,2.138,635246,136647857.000,1.22,0.33,0.007,2.97
2026-05-06,2.206,2.257,2.263,2.206,1377892,308640520.000,2.66,5.22,0.112,6.43
2026-05-07,2.312,2.317,2.322,2.286,909336,209745974.000,1.60,2.66,0.060,4.24
2026-05-08,2.297,2.279,2.297,2.259,1545088,351651400.000,1.64,-1.64,-0.038,7.21
2026-05-11,2.316,2.333,2.334,2.313,727893,169152892.000,0.92,2.37,0.054,3.40
2026-05-12,2.323,2.304,2.325,2.303,560898,129765418.000,0.94,-1.24,-0.029,2.62
2026-05-13,2.290,2.322,2.325,2.290,561683,129656857.000,1.52,0.78,0.018,2.62
2026-05-14,2.346,2.330,2.352,2.320,640536,149338031.000,1.38,0.34,0.008,2.99
2026-05-15,2.333,2.311,2.337,2.301,857571,199055160.000,1.55,-0.82,-0.019,4.00
2026-05-18,2.277,2.270,2.289,2.268,657932,149890646.000,0.91,-1.77,-0.041,3.07
2026-05-19,2.262,2.261,2.269,2.251,542075,122453338.000,0.79,-0.40,-0.009,2.53
2026-05-20,2.255,2.270,2.271,2.241,549617,123795225.000,1.33,0.40,0.009,2.57
2026-05-21,2.299,2.294,2.312,2.288,1081382,248674477.000,1.06,1.06,0.024,5.05
2026-05-22,2.313,2.329,2.330,2.309,736212,170867327.000,0.92,1.53,0.035,3.44
2026-05-25,2.383,2.417,2.421,2.371,1469327,351477346.000,2.15,3.78,0.088,6.86
2026-05-26,2.407,2.390,2.428,2.380,740292,177641228.000,1.99,-1.12,-0.027,3.46
2026-05-27,2.420,2.439,2.443,2.419,710737,172959037.000,1.00,2.05,0.049,3.32
2026-05-28,2.429,2.416,2.434,2.383,731331,176415349.000,2.09,-0.94,-0.023,3.41
2026-05-29,2.441,2.483,2.485,2.441,725477,178680515.000,1.82,2.77,0.067,3.39
2026-06-01,2.500,2.574,2.582,2.500,1282390,326488257.000,3.30,3.66,0.091,5.99
2026-06-02,2.574,2.543,2.574,2.317,763364,193941197.000,9.98,-1.20,-0.031,3.56
2026-06-03,2.566,2.509,2.569,2.486,825985,208656098.000,3.26,-1.34,-0.034,3.86
2026-06-04,2.464,2.453,2.478,2.442,689098,169173596.000,1.43,-2.23,-0.056,3.22
2026-06-05,2.420,2.423,2.455,2.402,428376,104136614.000,2.16,-1.22,-0.030,2.00
2026-06-08,2.320,2.330,2.365,2.315,705639,165271448.000,2.06,-3.84,-0.093,3.29
2026-06-09,2.373,2.422,2.428,2.353,621757,148925785.000,3.22,3.95,0.092,2.90
2026-06-10,2.410,2.358,2.410,2.345,497145,117438684.000,2.68,-2.64,-0.064,2.32
2026-06-11,2.330,2.336,2.356,2.302,495027,114973948.000,2.29,-0.93,-0.022,2.31
2026-06-12,2.420,2.375,2.423,2.367,444077,106751616.000,2.40,1.67,0.039,2.07
2026-06-15,2.444,2.478,2.481,2.433,682013,167561760.000,2.02,4.34,0.103,3.18
2026-06-16,2.511,2.507,2.535,2.503,710202,178763948.000,1.29,1.17,0.029,3.32
2026-06-17,2.476,2.509,2.513,2.465,618810,154177207.000,1.91,0.08,0.002,2.89
2026-06-18,2.496,2.500,2.502,2.472,492250,122685279.000,1.20,-0.36,-0.009,2.30
2026-06-22,2.500,2.494,2.518,2.471,295546,73565069.000,1.88,-0.24,-0.006,1.38
2026-06-23,2.466,2.412,2.466,2.407,585461,142430586.000,2.37,-3.29,-0.082,2.73
2026-06-24,2.390,2.425,2.427,2.387,716164,172597251.000,1.66,0.54,0.013,3.34
2026-06-25,2.447,2.453,2.460,2.428,501142,122393607.000,1.32,1.15,0.028,2.34
2026-06-26,2.453,2.388,2.453,2.360,589910,140386468.000,3.79,-2.65,-0.065,2.75
2026-06-29,2.388,2.402,2.404,2.364,364811,87136616.000,1.68,0.59,0.014,1.70
2026-06-30,2.433,2.435,2.443,2.429,403104,98128041.000,0.58,1.37,0.033,1.88
2026-07-01,2.460,2.440,2.466,2.434,513852,125726929.000,1.31,0.21,0.005,2.40
2026-07-02,2.427,2.380,2.427,2.379,844329,203196900.000,1.97,-2.46,-0.060,3.94
2026-07-03,2.366,2.395,2.400,2.360,721308,171729638.000,1.68,0.63,0.015,3.37
2026-07-06,2.398,2.397,2.399,2.365,1297323,308850882.000,1.42,0.08,0.002,6.06
2026-07-07,2.388,2.385,2.393,2.370,1222848,291504491.000,0.96,-0.50,-0.012,5.71
2026-07-08,2.370,2.346,2.375,2.345,2018176,476169019.000,1.26,-1.64,-0.039,9.42
2026-07-09,2.365,2.381,2.388,2.350,1654196,391109770.000,1.62,1.49,0.035,7.72
2026-07-10,2.393,2.384,2.404,2.381,1119732,268074816.000,0.97,0.13,0.003,5.23
2026-07-13,2.348,2.368,2.390,2.348,877521,208308253.000,1.76,-0.67,-0.016,4.10
2026-07-14,2.350,2.372,2.376,2.333,1366876,321422379.000,1.82,0.17,0.004,6.38
2026-07-15,2.392,2.402,2.406,2.383,910045,217952863.000,0.97,1.26,0.030,4.25
2026-07-16,2.375,2.377,2.392,2.370,772131,183975589.000,0.92,-1.04,-0.025,3.60
2026-07-17,2.337,2.298,2.338,2.293,1111789,257094306.000,1.89,-3.32,-0.079,5.19
2026-07-20,2.299,2.298,2.317,2.298,695757,160434127.000,0.83,0.00,0.000,3.25
2026-07-21,2.308,2.342,2.345,2.307,689199,160239616.000,1.65,1.91,0.044,3.22
2026-07-22,2.346,2.336,2.358,2.333,842914,197996612.000,1.07,-0.26,-0.006,3.93
2026-07-23,2.349,2.334,2.350,2.330,608876,142376490.000,0.86,-0.09,-0.002,2.84
2026-07-24,2.300,2.303,2.308,2.295,631634,145333665.000,0.56,-1.33,-0.031,2.95
2026-07-27,2.304,2.324,2.325,2.298,785653,181592354.000,1.17,0.91,0.021,3.67
2026-07-28,2.273,2.259,2.283,2.255,823145,186440205.000,1.20,-2.80,-0.065,3.84
2026-07-29,2.263,2.268,2.269,2.246,583729,131751437.000,1.02,0.40,0.009,2.72
2026-07-30,2.244,2.231,2.255,2.218,804027,179598443.000,1.63,-1.63,-0.037,3.75
2026-07-31,2.319,2.315,2.324,2.306,717500,166150857.000,0.81,3.77,0.084,3.35
2026-08-03,2.317,2.326,2.335,2.317,394523,91726369.000,0.78,0.48,0.011,1.84
2026-08-04,2.363,2.392,2.395,2.363,625491,148995243.000,1.38,2.84,0.066,2.92
2026-08-05,2.485,2.479,2.485,2.467,854159,211384353.000,0.75,3.64,0.087,3.99
2026-08-06,2.439,2.441,2.448,2.425,893954,217841024.000,0.93,-1.53,-0.038,4.17
2026-08-07,2.438,2.455,2.456,2.433,491766,120075364.000,0.94,0.57,0.014,2.30
2026-08-10,2.475,2.466,2.488,2.450,495275,122223240.000,1.55,0.45,0.011,2.31
2026-08-11,2.450,2.429,2.460,2.429,504179,123097902.000,1.26,-1.50,-0.037,2.35
2026-08-12,2.422,2.438,2.442,2.414,484621,117685564.000,1.15,0.37,0.009,2.26
2026-08-13,2.443,2.442,2.457,2.439,475939,116520973.000,0.74,0.16,0.004,2.22
2026-08-14,2.470,2.484,2.486,2.455,618490,153143818.000,1.27,1.72,0.042,2.89
2026-08-17,2.486,2.497,2.505,2.478,474254,117975911.000,1.09,0.52,0.013,2.21
2026-08-18,2.496,2.455,2.496,2.452,443401,109218809.000,1.76,-1.68,-0.042,2.07
2026-08-19,2.424,2.406,2.428,2.396,694732,167250816.000,1.30,-2.00,-0.049,3.24
2026-08-20,2.423,2.430,2.432,2.418,564343,136956607.000,0.58,1.00,0.024,2.63
2026-08-21,2.401,2.409,2.413,2.389,698268,167485121.000,0.99,-0.86,-0.021,3.26
2026-08-24,2.411,2.380,2.412,2.379,552371,132124356.000,1.37,-1.20,-0.029,2.58
2026-08-25,2.370,2.410,2.414,2.368,635671,152234366.000,1.93,1.26,0.030,2.97
2026-08-26,2.395,2.410,2.419,2.390,465854,112232043.000,1.20,0.00,0.000,2.17
2026-08-27,2.431,2.439,2.445,2.422,517961,126332801.000,0.95,1.20,0.029,2.42
2026-08-28,2.460,2.440,2.469,2.439,367791,90175842.000,1.23,0.04,0.001,1.72
