日期,单位净值,日增长率%
2025-08-28,1.8894,0.52
2025-08-29,1.8657,-1.25
2025-09-01,1.8667,0.05
2025-09-02,1.8524,-0.77
2025-09-03,1.8675,0.82
2025-09-04,1.8835,0.86
2025-09-05,1.8855,0.11
2025-09-08,1.8934,0.42
2025-09-09,1.899,0.3
2025-09-10,1.9011,0.11
2025-09-11,1.9117,0.56
2025-09-12,1.9192,0.39
2025-09-15,1.9363,0.89
2025-09-16,1.9339,-0.12
2025-09-17,1.9293,-0.24
2025-09-18,1.9496,1.05
2025-09-19,1.9644,0.76
2025-09-22,1.9747,0.52
2025-09-23,1.959,-0.8
2025-09-24,1.9534,-0.29
2025-09-25,1.946,-0.38
2025-09-26,1.9553,0.48
2025-09-29,1.9621,0.35
2025-09-30,1.9666,0.23
2025-10-09,2.0011,1.75
2025-10-10,1.9298,-3.56
2025-10-13,1.9706,2.11
2025-10-14,1.9574,-0.67
2025-10-15,1.9698,0.63
2025-10-16,1.962,-0.4
2025-10-17,1.9742,0.62
2025-10-20,2.0004,1.33
2025-10-21,1.9981,-0.11
2025-10-22,1.979,-0.96
2025-10-23,1.9953,0.82
2025-10-24,2.0162,1.05
2025-10-27,2.0515,1.75
2025-10-28,2.0659,0.7
2025-10-29,2.074,0.39
2025-10-30,2.0441,-1.44
2025-10-31,2.0545,0.51
2025-11-03,2.063,0.41
2025-11-04,2.021,-2.04
2025-11-05,2.036,0.74
2025-11-06,1.9959,-1.97
2025-11-07,1.9895,-0.32
2025-11-10,2.0339,2.23
2025-11-11,2.028,-0.29
2025-11-12,2.0258,-0.11
2025-11-13,1.9851,-2.01
2025-11-14,1.9853,0.01
2025-11-17,1.9684,-0.85
2025-11-18,1.946,-1.14
2025-11-19,1.9573,0.58
2025-11-20,1.9119,-2.32
2025-11-21,1.9258,0.73
2025-11-24,1.9754,2.58
2025-11-25,1.9862,0.55
2025-11-26,2.0027,0.83
2025-11-27,2.0022,-0.02
2025-11-28,2.0181,0.79
2025-12-01,2.0099,-0.41
2025-12-02,2.0277,0.89
2025-12-03,2.0307,0.15
2025-12-04,2.0281,-0.13
2025-12-05,2.0375,0.46
2025-12-08,2.0329,-0.23
2025-12-09,2.0363,0.17
2025-12-10,2.0442,0.39
2025-12-11,2.0352,-0.44
2025-12-12,1.995,-1.98
2025-12-15,1.9854,-0.48
2025-12-16,1.9889,0.18
2025-12-17,1.9498,-1.97
2025-12-18,1.9794,1.52
2025-12-19,2.0042,1.25
2025-12-22,2.0137,0.47
2025-12-23,2.0222,0.42
2025-12-24,2.0261,0.19
2025-12-25,2.0238,-0.11
2025-12-26,2.0219,-0.09
2025-12-29,2.0116,-0.51
2025-12-30,2.0071,-0.22
2025-12-31,1.9887,-0.92
2026-01-05,1.9989,0.51
2026-01-06,2.016,0.86
2026-01-07,2.0174,0.07
2026-01-08,2.0061,-0.56
2026-01-09,2.0245,0.92
2026-01-12,2.0255,0.05
2026-01-13,2.0217,-0.19
2026-01-14,2.0006,-1.04
2026-01-15,2.0053,0.23
2026-01-16,2.0043,-0.05
2026-01-19,2.0034,-0.04
2026-01-20,1.9587,-2.23
2026-01-21,1.9857,1.38
2026-01-22,2.0008,0.76
2026-01-23,2.005,0.21
2026-01-26,2.0109,0.29
2026-01-27,2.029,0.9
2026-01-28,2.0325,0.17
2026-01-29,2.0221,-0.51
2026-01-30,1.9937,-1.4
2026-02-02,2.0086,0.75
2026-02-03,1.9749,-1.68
2026-02-04,1.9381,-1.86
2026-02-05,1.9124,-1.33
2026-02-06,1.9538,2.16
2026-02-09,1.9669,0.67
2026-02-10,1.9541,-0.65
2026-02-11,1.9592,0.26
2026-02-12,1.9198,-2.01
2026-02-13,1.9218,0.1
2026-02-24,1.9412,1.01
2026-02-25,1.9658,1.27
2026-02-26,1.9403,-1.3
2026-02-27,1.9348,-0.28
2026-03-02,1.9374,0.13
2026-03-03,1.9123,-1.3
2026-03-04,1.942,1.55
2026-03-05,1.933,-0.46
2026-03-06,1.9047,-1.46
2026-03-09,1.9335,1.51
2026-03-10,1.9277,-0.3
2026-03-11,1.9265,-0.06
2026-03-12,1.8944,-1.67
2026-03-13,1.8841,-0.54
2026-03-16,1.9066,1.19
2026-03-17,1.9135,0.36
2026-03-18,1.8846,-1.51
2026-03-19,1.8812,-0.18
2026-03-20,1.8442,-1.97
2026-03-23,1.8705,1.43
2026-03-24,1.8534,-0.91
2026-03-25,1.8649,0.62
2026-03-26,1.8243,-2.18
2026-03-27,1.7914,-1.8
2026-03-30,1.7795,-0.66
2026-03-31,1.8396,3.38
2026-04-01,1.8568,0.93
2026-04-02,1.855,-0.1
2026-04-03,1.8563,0.07
2026-04-07,1.8662,0.53
2026-04-08,1.9153,2.63
2026-04-09,1.9281,0.67
2026-04-10,1.9308,0.14
2026-04-13,1.9513,1.06
2026-04-14,1.9846,1.71
2026-04-15,2.012,1.38
2026-04-16,2.0228,0.54
2026-04-17,2.049,1.3
2026-04-20,2.0434,-0.27
2026-04-21,2.0333,-0.49
2026-04-22,2.0696,1.79
2026-04-23,2.0581,-0.56
2026-04-24,2.0988,1.98
2026-04-27,2.096,-0.13
2026-04-28,2.075,-1.0
2026-04-29,2.0877,0.61
2026-04-30,2.1086,1.0
2026-05-06,2.1945,4.07
2026-05-07,2.1894,-0.23
2026-05-08,2.2413,2.37
2026-05-11,2.2468,0.25
2026-05-12,2.2258,-0.93
2026-05-13,2.2492,1.05
2026-05-14,2.2645,0.68
2026-05-15,2.2304,-1.51
2026-05-18,2.2215,-0.4
2026-05-19,2.2061,-0.69
2026-05-20,2.2437,1.7
2026-05-21,2.2462,0.11
2026-05-22,2.2566,0.46
2026-05-25,2.2547,-0.08
2026-05-26,2.2936,1.73
2026-05-27,2.2916,-0.09
2026-05-28,2.3094,0.78
2026-05-29,2.3156,0.27
2026-06-01,2.3287,0.57
2026-06-02,2.3406,0.51
2026-06-03,2.3336,-0.3
2026-06-04,2.3222,-0.49
2026-06-05,2.2102,-4.82
2026-06-08,2.2463,1.63
2026-06-09,2.2194,-1.2
2026-06-10,2.1749,-2.01
2026-06-11,2.247,3.32
2026-06-12,2.2601,0.58
2026-06-15,2.3286,3.03
2026-06-16,2.2854,-1.86
2026-06-17,2.2618,-1.03
2026-06-18,2.3189,2.52
2026-06-22,2.3142,-0.2
2026-06-23,2.2387,-3.26
2026-06-24,2.2297,-0.4
2026-06-25,2.2469,0.77
2026-06-26,2.2208,-1.16
2026-06-29,2.2711,2.26
2026-06-30,2.3069,1.58
2026-07-01,2.2702,-1.59
2026-07-02,2.2342,-1.59
2026-07-03,2.2328,-0.06
2026-07-06,2.2615,1.29
2026-07-07,2.2226,-1.72
2026-07-08,2.2293,0.3
2026-07-09,2.264,1.56
2026-07-10,2.2699,0.26
2026-07-13,2.2265,-1.91
2026-07-14,2.2516,1.13
2026-07-15,2.2425,-0.4
2026-07-16,2.2063,-1.61
2026-07-17,2.1741,-1.46
2026-07-20,2.1753,0.06
2026-07-21,2.216,1.87
2026-07-22,2.2046,-0.51
2026-07-23,2.1625,-1.91
2026-07-24,2.1387,-1.1
2026-07-27,2.1309,-0.36
2026-07-28,2.1105,-0.96
2026-07-29,2.0663,-2.09
2026-07-30,2.1354,3.34
2026-07-31,2.1482,0.6
2026-08-03,2.1864,1.78
2026-08-04,2.2596,3.35
2026-08-05,2.24,-0.87
2026-08-06,2.2315,-0.38
2026-08-07,2.2582,1.2
2026-08-10,2.25,-0.36
2026-08-11,2.2431,-0.31
2026-08-12,2.259,0.71
2026-08-13,2.285,1.15
2026-08-14,2.2818,-0.14
2026-08-17,2.2778,-0.18
2026-08-18,2.2405,-1.64
2026-08-19,2.2338,-0.3
2026-08-20,2.2164,-0.78
2026-08-21,2.2241,0.35
2026-08-24,2.2032,-0.94
2026-08-25,2.2175,0.65
2026-08-26,2.2179,0.02
