价格日期,收盘价,净值日期,单位净值,溢价率%
2023-08-28,1.1050,2023-08-25,1.0870,1.66
2023-08-29,1.1110,2023-08-28,1.0940,1.55
2023-08-30,1.1350,2023-08-29,1.1180,1.52
2023-08-31,1.1400,2023-08-30,1.1240,1.42
2023-09-01,1.1390,2023-08-31,1.1270,1.06
2023-09-04,1.1420,2023-09-01,1.1250,1.51
2023-09-05,1.1410,2023-09-04,1.1250,1.42
2023-09-06,1.1430,2023-09-05,1.1270,1.42
2023-09-07,1.1340,2023-09-06,1.1190,1.34
2023-09-08,1.1410,2023-09-07,1.1110,2.70
2023-09-11,1.1340,2023-09-08,1.1150,1.70
2023-09-12,1.1410,2023-09-11,1.1280,1.15
2023-09-13,1.1280,2023-09-12,1.1130,1.35
2023-09-14,1.1360,2023-09-13,1.1160,1.79
2023-09-15,1.1420,2023-09-14,1.1250,1.51
2023-09-18,1.1240,2023-09-15,1.1040,1.81
2023-09-19,1.1230,2023-09-18,1.1050,1.63
2023-09-20,1.1240,2023-09-19,1.1020,2.00
2023-09-21,1.1030,2023-09-20,1.0870,1.47
2023-09-22,1.0920,2023-09-21,1.0670,2.34
2023-09-25,1.0940,2023-09-22,1.0670,2.53
2023-09-26,1.0850,2023-09-25,1.0720,1.21
2023-09-27,1.0810,2023-09-26,1.0560,2.37
2023-09-28,1.0800,2023-09-27,1.0580,2.08
2023-10-09,1.0960,2023-09-28,1.0680,2.62
2023-10-10,1.1110,2023-10-09,1.0930,1.65
2023-10-11,1.1180,2023-10-10,1.0990,1.73
2023-10-12,1.1280,2023-10-11,1.1070,1.90
2023-10-13,1.1220,2023-10-12,1.1020,1.81
2023-10-16,1.1110,2023-10-13,1.0890,2.02
2023-10-17,1.1190,2023-10-16,1.1020,1.54
2023-10-18,1.1140,2023-10-17,1.0980,1.46
2023-10-19,1.1000,2023-10-18,1.0830,1.57
2023-10-20,1.0860,2023-10-19,1.0730,1.21
2023-10-23,1.0790,2023-10-20,1.0570,2.08
2023-10-24,1.0860,2023-10-23,1.0600,2.45
2023-10-25,1.0820,2023-10-24,1.0700,1.12
2023-10-26,1.0490,2023-10-25,1.0440,0.48
2023-10-27,1.0530,2023-10-26,1.0240,2.83
2023-10-30,1.0550,2023-10-27,1.0290,2.53
2023-10-31,1.0540,2023-10-30,1.0400,1.35
2023-11-01,1.0690,2023-10-31,1.0460,2.20
2023-11-02,1.0910,2023-11-01,1.0640,2.54
2023-11-03,1.0990,2023-11-02,1.0830,1.48
2023-11-06,1.1110,2023-11-03,1.0960,1.37
2023-11-07,1.1100,2023-11-06,1.1000,0.91
2023-11-08,1.1200,2023-11-07,1.1100,0.90
2023-11-09,1.1270,2023-11-08,1.1110,1.44
2023-11-10,1.1160,2023-11-09,1.1020,1.27
2023-11-13,1.1400,2023-11-10,1.1260,1.24
2023-11-14,1.1440,2023-11-13,1.1230,1.87
2023-11-15,1.1640,2023-11-14,1.1470,1.48
2023-11-16,1.1590,2023-11-15,1.1470,1.05
2023-11-17,1.1610,2023-11-16,1.1480,1.13
2023-11-20,1.1450,2023-11-17,1.1480,-0.26
2023-11-21,1.1580,2023-11-20,1.1600,-0.17
2023-11-22,1.1500,2023-11-21,1.1500,0.00
2023-11-23,1.1560,2023-11-22,1.1520,0.35
2023-11-24,1.1570,2023-11-23,1.1520,0.43
2023-11-27,1.1510,2023-11-24,1.1490,0.17
2023-11-28,1.1540,2023-11-27,1.1480,0.52
2023-11-29,1.1540,2023-11-28,1.1510,0.26
2023-11-30,1.1530,2023-11-29,1.1480,0.44
2023-12-01,1.1480,2023-11-30,1.1450,0.26
2023-12-04,1.1500,2023-12-01,1.1500,0.00
2023-12-05,1.1370,2023-12-04,1.1370,0.00
2023-12-06,1.1530,2023-12-05,1.1420,0.96
2023-12-07,1.1400,2023-12-06,1.1350,0.44
2023-12-08,1.1570,2023-12-07,1.1530,0.35
2023-12-11,1.1640,2023-12-08,1.1560,0.69
2023-12-12,1.1780,2023-12-11,1.1670,0.94
2023-12-13,1.1910,2023-12-12,1.1760,1.28
2023-12-14,1.2040,2023-12-13,1.1900,1.18
2023-12-15,1.1930,2023-12-14,1.1880,0.42
2023-12-18,1.2020,2023-12-15,1.1920,0.84
2023-12-19,1.2090,2023-12-18,1.1990,0.83
2023-12-20,1.2160,2023-12-19,1.2060,0.83
2023-12-21,1.2000,2023-12-20,1.1880,1.01
2023-12-22,1.2060,2023-12-21,1.2030,0.25
2023-12-25,1.2070,2023-12-22,1.2030,0.33
2023-12-26,1.2150,2023-12-25,1.2040,0.91
2023-12-27,1.2190,2023-12-26,1.2100,0.74
2023-12-28,1.2160,2023-12-27,1.2130,0.25
2023-12-29,1.2130,2023-12-28,1.2120,0.08
2024-01-02,1.2100,2023-12-31,1.2040,0.50
2024-01-03,1.1910,2024-01-02,1.1830,0.68
2024-01-04,1.1850,2024-01-03,1.1740,0.94
2024-01-05,1.1760,2024-01-04,1.1680,0.68
2024-01-08,1.1790,2024-01-05,1.1700,0.77
2024-01-09,1.2090,2024-01-08,1.1950,1.17
2024-01-10,1.2090,2024-01-09,1.1970,1.00
2024-01-11,1.2230,2024-01-10,1.2060,1.41
2024-01-12,1.2190,2024-01-11,1.2080,0.91
2024-01-15,1.2270,2024-01-12,1.2080,1.57
2024-01-16,1.2150,2024-01-15,1.2090,0.50
2024-01-17,1.2140,2024-01-16,1.2100,0.33
2024-01-18,1.2170,2024-01-17,1.2030,1.16
2024-01-19,1.2420,2024-01-18,1.2210,1.72
2024-01-22,1.2800,2024-01-19,1.2450,2.81
2024-01-23,1.2710,2024-01-22,1.2450,2.09
2024-01-24,1.2780,2024-01-23,1.2500,2.24
2024-01-25,1.2710,2024-01-24,1.2560,1.19
2024-01-26,1.2610,2024-01-25,1.2570,0.32
2024-01-29,1.2720,2024-01-26,1.2510,1.68
2024-01-30,1.2920,2024-01-29,1.2630,2.30
2024-01-31,1.2640,2024-01-30,1.2540,0.80
2024-02-01,1.2520,2024-01-31,1.2300,1.79
2024-02-02,1.2830,2024-02-01,1.2450,3.05
2024-02-05,1.2890,2024-02-02,1.2650,1.90
2024-02-06,1.2910,2024-02-05,1.2640,2.14
2024-02-07,1.2790,2024-02-06,1.2620,1.35
2024-02-08,1.3080,2024-02-07,1.2740,2.67
2024-02-19,1.3010,2024-02-08,1.2760,1.96
2024-02-20,1.2990,2024-02-19,1.2690,2.36
2024-02-21,1.2820,2024-02-20,1.2600,1.75
2024-02-22,1.3040,2024-02-21,1.2540,3.99
2024-02-23,1.3210,2024-02-22,1.2920,2.24
2024-02-26,1.3080,2024-02-23,1.2880,1.55
2024-02-27,1.3060,2024-02-26,1.2870,1.48
2024-02-28,1.3090,2024-02-27,1.2900,1.47
2024-02-29,1.3000,2024-02-28,1.2830,1.33
2024-03-01,1.3210,2024-02-29,1.2950,2.01
2024-03-04,1.3390,2024-03-01,1.3140,1.90
2024-03-05,1.3290,2024-03-04,1.3080,1.61
2024-03-06,1.3240,2024-03-05,1.2840,3.12
2024-03-07,1.3150,2024-03-06,1.2920,1.78
2024-03-08,1.3370,2024-03-07,1.3120,1.91
2024-03-11,1.3170,2024-03-08,1.2920,1.93
2024-03-12,1.3220,2024-03-11,1.2870,2.72
2024-03-13,1.3300,2024-03-12,1.3060,1.84
2024-03-14,1.3240,2024-03-13,1.2940,2.32
2024-03-15,1.3160,2024-03-14,1.2910,1.94
2024-03-18,1.3160,2024-03-15,1.2770,3.05
2024-03-19,1.3090,2024-03-18,1.2890,1.55
2024-03-20,1.3140,2024-03-19,1.2930,1.62
2024-03-21,1.3370,2024-03-20,1.3080,2.22
2024-03-22,1.3380,2024-03-21,1.3130,1.90
2024-03-25,1.3340,2024-03-22,1.3150,1.44
2024-03-26,1.3410,2024-03-25,1.3110,2.29
2024-03-27,1.3420,2024-03-26,1.3050,2.84
2024-03-28,1.3390,2024-03-27,1.3100,2.21
2024-03-29,1.3370,2024-03-28,1.3080,2.22
2024-04-01,1.3440,2024-03-29,1.3080,2.75
2024-04-02,1.3400,2024-04-01,1.3100,2.29
2024-04-03,1.3270,2024-04-02,1.2990,2.16
2024-04-08,1.3260,2024-04-03,1.3010,1.92
2024-04-09,1.3280,2024-04-08,1.2970,2.39
2024-04-10,1.3330,2024-04-09,1.3020,2.38
2024-04-11,1.3210,2024-04-10,1.2910,2.32
2024-04-12,1.3410,2024-04-11,1.3120,2.21
2024-04-15,1.3290,2024-04-12,1.2900,3.02
2024-04-16,1.2930,2024-04-15,1.2690,1.89
2024-04-17,1.2920,2024-04-16,1.2700,1.73
2024-04-18,1.2890,2024-04-17,1.2540,2.79
2024-04-19,1.2640,2024-04-18,1.2470,1.36
2024-04-22,1.2560,2024-04-19,1.2220,2.78
2024-04-23,1.2590,2024-04-22,1.2340,2.03
2024-04-24,1.2890,2024-04-23,1.2530,2.87
2024-04-25,1.2680,2024-04-24,1.2570,0.88
2024-04-26,1.2900,2024-04-25,1.2500,3.20
2024-04-29,1.2980,2024-04-26,1.2710,2.12
2024-04-30,1.2990,2024-04-29,1.2750,1.88
2024-05-06,1.3020,2024-04-30,1.2510,4.08
2024-05-07,1.3150,2024-05-06,1.2960,1.47
2024-05-08,1.3170,2024-05-07,1.2960,1.62
2024-05-09,1.3140,2024-05-08,1.2960,1.39
2024-05-10,1.3210,2024-05-09,1.2980,1.77
2024-05-13,1.3260,2024-05-10,1.3010,1.92
2024-05-14,1.3260,2024-05-13,1.3040,1.69
2024-05-15,1.3350,2024-05-14,1.3130,1.68
2024-05-16,1.3580,2024-05-15,1.3330,1.88
2024-05-17,1.3550,2024-05-16,1.3300,1.88
2024-05-20,1.3570,2024-05-17,1.3290,2.11
2024-05-21,1.3640,2024-05-20,1.3380,1.94
2024-05-22,1.3690,2024-05-21,1.3420,2.01
2024-05-23,1.3810,2024-05-22,1.3410,2.98
2024-05-24,1.3580,2024-05-23,1.3360,1.65
2024-05-27,1.3740,2024-05-24,1.3490,1.85
2024-05-28,1.3800,2024-05-27,1.3490,2.30
2024-05-29,1.3740,2024-05-28,1.3530,1.55
2024-05-30,1.3590,2024-05-29,1.3440,1.12
2024-05-31,1.3530,2024-05-30,1.3290,1.81
2024-06-03,1.3590,2024-05-31,1.3290,2.26
2024-06-04,1.3550,2024-06-03,1.3330,1.65
2024-06-05,1.3660,2024-06-04,1.3370,2.17
2024-06-06,1.3930,2024-06-05,1.3640,2.13
2024-06-07,1.3940,2024-06-06,1.3630,2.27
2024-06-11,1.3950,2024-06-07,1.3620,2.42
2024-06-12,1.4080,2024-06-11,1.3770,2.25
2024-06-13,1.4360,2024-06-12,1.3960,2.87
2024-06-14,1.4350,2024-06-13,1.4030,2.28
2024-06-17,1.4410,2024-06-14,1.4100,2.20
2024-06-18,1.4600,2024-06-17,1.4270,2.31
2024-06-19,1.4620,2024-06-18,1.4270,2.45
2024-06-20,1.4720,2024-06-19,1.4270,3.15
2024-06-21,1.4500,2024-06-20,1.4170,2.33
2024-06-24,1.4440,2024-06-21,1.4130,2.19
2024-06-25,1.4290,2024-06-24,1.3970,2.29
2024-06-26,1.4560,2024-06-25,1.4140,2.97
2024-06-27,1.4550,2024-06-26,1.4180,2.61
2024-06-28,1.4750,2024-06-27,1.4210,3.80
2024-07-01,1.4730,2024-06-30,1.4130,4.25
2024-07-02,1.4740,2024-07-01,1.4220,3.66
2024-07-03,1.5010,2024-07-02,1.4370,4.45
2024-07-04,1.5100,2024-07-03,1.4500,4.14
2024-07-05,1.5290,2024-07-04,1.4500,5.45
2024-07-08,1.5520,2024-07-05,1.4640,6.01
2024-07-09,1.5680,2024-07-08,1.4680,6.81
2024-07-10,1.5480,2024-07-09,1.4690,5.38
2024-07-11,1.5550,2024-07-10,1.4850,4.71
2024-07-12,1.4920,2024-07-11,1.4520,2.75
2024-07-15,1.5390,2024-07-12,1.4600,5.41
2024-07-16,1.5360,2024-07-15,1.4640,4.92
2024-07-17,1.5220,2024-07-16,1.4650,3.89
2024-07-18,1.4950,2024-07-17,1.4220,5.13
2024-07-19,1.4710,2024-07-18,1.4150,3.96
2024-07-22,1.4630,2024-07-19,1.4020,4.35
2024-07-23,1.4770,2024-07-22,1.4240,3.72
2024-07-24,1.4480,2024-07-23,1.4190,2.04
2024-07-25,1.4070,2024-07-24,1.3680,2.85
2024-07-26,1.4090,2024-07-25,1.3530,4.14
2024-07-29,1.4370,2024-07-26,1.3650,5.27
2024-07-30,1.4200,2024-07-29,1.3690,3.73
2024-07-31,1.4290,2024-07-30,1.3510,5.77
2024-08-01,1.4630,2024-07-31,1.3910,5.18
2024-08-02,1.3960,2024-08-01,1.3570,2.87
2024-08-05,1.2870,2024-08-02,1.3250,-2.87
2024-08-06,1.3320,2024-08-05,1.2860,3.58
2024-08-07,1.3340,2024-08-06,1.2980,2.77
2024-08-08,1.3140,2024-08-07,1.2840,2.34
2024-08-09,1.3500,2024-08-08,1.3250,1.89
2024-08-12,1.3650,2024-08-09,1.3320,2.48
2024-08-13,1.3790,2024-08-12,1.3340,3.37
2024-08-14,1.4130,2024-08-13,1.3680,3.29
2024-08-15,1.4220,2024-08-14,1.3680,3.95
2024-08-16,1.4690,2024-08-15,1.4010,4.85
2024-08-19,1.4420,2024-08-16,1.4040,2.71
2024-08-20,1.4680,2024-08-19,1.4210,3.31
2024-08-21,1.4690,2024-08-20,1.4160,3.74
2024-08-22,1.4710,2024-08-21,1.4230,3.37
2024-08-23,1.4570,2024-08-22,1.3980,4.22
2024-08-26,1.4600,2024-08-23,1.4170,3.03
2024-08-27,1.4420,2024-08-26,1.3980,3.15
2024-08-28,1.4420,2024-08-27,1.4050,2.63
2024-08-29,1.4070,2024-08-28,1.3870,1.44
2024-08-30,1.4170,2024-08-29,1.3870,2.16
2024-09-02,1.4290,2024-08-30,1.4020,1.93
2024-09-03,1.4310,2024-09-02,1.4000,2.21
2024-09-04,1.3560,2024-09-03,1.3580,-0.15
2024-09-05,1.3600,2024-09-04,1.3560,0.29
2024-09-06,1.3720,2024-09-05,1.3530,1.40
2024-09-09,1.3640,2024-09-06,1.3160,3.65
2024-09-10,1.3680,2024-09-09,1.3340,2.55
2024-09-11,1.3770,2024-09-10,1.3490,2.08
2024-09-12,1.4210,2024-09-11,1.3790,3.05
2024-09-13,1.4350,2024-09-12,1.3930,3.02
2024-09-18,1.4240,2024-09-13,1.3960,2.01
2024-09-19,1.4400,2024-09-18,1.3810,4.27
2024-09-20,1.4430,2024-09-19,1.4180,1.76
2024-09-23,1.4490,2024-09-20,1.4080,2.91
2024-09-24,1.4410,2024-09-23,1.4100,2.20
2024-09-25,1.4300,2024-09-24,1.4160,0.99
2024-09-26,1.4450,2024-09-25,1.4130,2.26
2024-09-27,1.4140,2024-09-26,1.4260,-0.84
2024-09-30,1.4090,2024-09-27,1.4130,-0.28
2024-10-08,1.4030,2024-09-30,1.4160,-0.92
2024-10-09,1.4270,2024-10-08,1.4320,-0.35
2024-10-10,1.4430,2024-10-09,1.4400,0.21
2024-10-11,1.4450,2024-10-10,1.4420,0.21
2024-10-14,1.4460,2024-10-11,1.4440,0.14
2024-10-15,1.4760,2024-10-14,1.4550,1.44
2024-10-16,1.4590,2024-10-15,1.4370,1.53
2024-10-17,1.4680,2024-10-16,1.4450,1.59
2024-10-18,1.4590,2024-10-17,1.4470,0.83
2024-10-21,1.4610,2024-10-18,1.4570,0.27
2024-10-22,1.4590,2024-10-21,1.4540,0.34
2024-10-23,1.4650,2024-10-22,1.4600,0.34
2024-10-24,1.4490,2024-10-23,1.4380,0.76
2024-10-25,1.4550,2024-10-24,1.4510,0.28
2024-10-28,1.4730,2024-10-25,1.4550,1.24
2024-10-29,1.4700,2024-10-28,1.4590,0.75
2024-10-30,1.4840,2024-10-29,1.4730,0.75
2024-10-31,1.4590,2024-10-30,1.4640,-0.34
2024-11-01,1.4420,2024-10-31,1.4250,1.19
2024-11-04,1.4430,2024-11-01,1.4330,0.70
2024-11-05,1.4380,2024-11-04,1.4300,0.56
2024-11-06,1.4890,2024-11-05,1.4450,3.04
2024-11-07,1.5120,2024-11-06,1.4840,1.89
2024-11-08,1.5250,2024-11-07,1.5200,0.33
2024-11-11,1.5340,2024-11-08,1.5170,1.12
2024-11-12,1.5360,2024-11-11,1.5230,0.85
2024-11-13,1.5270,2024-11-12,1.5230,0.26
2024-11-14,1.5290,2024-11-13,1.5220,0.46
2024-11-15,1.5100,2024-11-14,1.5110,-0.07
2024-11-18,1.4990,2024-11-15,1.4750,1.63
2024-11-19,1.5040,2024-11-18,1.4840,1.35
2024-11-20,1.5210,2024-11-19,1.4950,1.74
2024-11-21,1.5100,2024-11-20,1.4940,1.07
2024-11-22,1.5210,2024-11-21,1.4990,1.47
2024-11-25,1.5360,2024-11-22,1.5020,2.26
2024-11-26,1.5360,2024-11-25,1.5040,2.13
2024-11-27,1.5400,2024-11-26,1.5120,1.85
2024-11-28,1.5310,2024-11-27,1.5000,2.07
2024-11-29,1.5320,2024-11-28,1.4990,2.20
2024-12-02,1.5400,2024-11-29,1.5120,1.85
2024-12-03,1.5680,2024-12-02,1.5280,2.62
2024-12-04,1.5750,2024-12-03,1.5350,2.61
2024-12-05,1.5890,2024-12-04,1.5530,2.32
2024-12-06,1.5840,2024-12-05,1.5470,2.39
2024-12-09,1.6100,2024-12-06,1.5610,3.14
2024-12-10,1.5970,2024-12-09,1.5480,3.17
2024-12-11,1.5930,2024-12-10,1.5440,3.17
2024-12-12,1.6170,2024-12-11,1.5710,2.93
2024-12-13,1.6290,2024-12-12,1.5600,4.42
2024-12-16,1.6490,2024-12-13,1.5730,4.83
2024-12-17,1.6630,2024-12-16,1.5950,4.26
2024-12-18,1.6740,2024-12-17,1.5890,5.35
2024-12-19,1.6300,2024-12-18,1.5310,6.47
2024-12-20,1.5970,2024-12-19,1.5240,4.79
2024-12-23,1.6520,2024-12-20,1.5370,7.48
2024-12-24,1.6480,2024-12-23,1.5520,6.19
2024-12-25,1.6670,2024-12-24,1.5730,5.98
2024-12-26,1.6740,2024-12-25,1.5730,6.42
2024-12-27,1.6620,2024-12-26,1.5710,5.79
2024-12-30,1.6390,2024-12-27,1.5500,5.74
2024-12-31,1.6290,2024-12-30,1.5300,6.47
2025-01-02,1.6430,2024-12-31,1.5160,8.38
2025-01-03,1.6330,2025-01-02,1.5130,7.93
2025-01-06,1.6690,2025-01-03,1.5390,8.45
2025-01-07,1.6590,2025-01-06,1.5550,6.69
2025-01-08,1.6420,2025-01-07,1.5280,7.46
2025-01-09,1.6360,2025-01-08,1.5280,7.07
2025-01-10,1.6300,2025-01-09,1.5280,6.68
2025-01-13,1.5920,2025-01-10,1.5040,5.85
2025-01-14,1.6110,2025-01-13,1.5000,7.40
2025-01-15,1.6010,2025-01-14,1.4980,6.88
2025-01-16,1.6370,2025-01-15,1.5320,6.85
2025-01-17,1.6300,2025-01-16,1.5210,7.17
2025-01-20,1.6460,2025-01-17,1.5470,6.40
2025-01-21,1.6470,2025-01-20,1.5470,6.46
2025-01-22,1.6570,2025-01-21,1.5520,6.77
2025-01-23,1.6430,2025-01-22,1.5720,4.52
2025-01-24,1.6440,2025-01-23,1.5760,4.31
2025-01-27,1.6150,2025-01-24,1.5670,3.06
2025-02-05,1.6120,2025-01-27,1.5200,6.05
2025-02-06,1.6270,2025-02-05,1.5580,4.43
2025-02-07,1.6230,2025-02-06,1.5660,3.64
2025-02-10,1.6060,2025-02-07,1.5460,3.88
2025-02-11,1.6070,2025-02-10,1.5650,2.68
2025-02-12,1.6090,2025-02-11,1.5610,3.07
2025-02-13,1.6180,2025-02-12,1.5620,3.59
2025-02-14,1.6290,2025-02-13,1.5850,2.78
2025-02-17,1.6300,2025-02-14,1.5910,2.45
2025-02-18,1.6430,2025-02-17,1.5900,3.33
2025-02-19,1.6360,2025-02-18,1.5940,2.63
2025-02-20,1.6220,2025-02-19,1.5950,1.69
2025-02-21,1.6110,2025-02-20,1.5870,1.51
2025-02-24,1.5900,2025-02-21,1.5540,2.32
2025-02-25,1.5650,2025-02-24,1.5360,1.89
2025-02-26,1.5610,2025-02-25,1.5170,2.90
2025-02-27,1.5710,2025-02-26,1.5210,3.29
2025-02-28,1.5110,2025-02-27,1.4790,2.16
2025-03-03,1.5420,2025-02-28,1.5030,2.59
2025-03-04,1.5150,2025-03-03,1.4700,3.06
2025-03-05,1.5330,2025-03-04,1.4650,4.64
2025-03-06,1.5340,2025-03-05,1.4840,3.37
2025-03-07,1.5000,2025-03-06,1.4420,4.02
2025-03-10,1.4960,2025-03-07,1.4530,2.96
2025-03-11,1.4280,2025-03-10,1.3990,2.07
2025-03-12,1.4320,2025-03-11,1.3950,2.65
2025-03-13,1.4240,2025-03-12,1.4100,0.99
2025-03-14,1.4380,2025-03-13,1.3840,3.90
2025-03-17,1.4430,2025-03-14,1.4180,1.76
2025-03-18,1.4550,2025-03-17,1.4250,2.11
2025-03-19,1.4430,2025-03-18,1.4020,2.92
2025-03-20,1.4750,2025-03-19,1.4200,3.87
2025-03-21,1.4680,2025-03-20,1.4170,3.60
2025-03-24,1.4980,2025-03-21,1.4220,5.34
2025-03-25,1.5130,2025-03-24,1.4530,4.13
2025-03-26,1.5080,2025-03-25,1.4610,3.22
2025-03-27,1.4820,2025-03-26,1.4340,3.35
2025-03-28,1.4750,2025-03-27,1.4250,3.51
2025-03-31,1.4110,2025-03-28,1.3880,1.66
2025-04-01,1.4360,2025-03-31,1.3880,3.46
2025-04-02,1.4420,2025-04-01,1.3990,3.07
2025-04-03,1.4130,2025-04-02,1.4100,0.21
2025-04-07,1.2720,2025-04-03,1.3360,-4.79
2025-04-08,1.3190,2025-04-07,1.2590,4.77
2025-04-09,1.3000,2025-04-08,1.2350,5.26
2025-04-10,1.4290,2025-04-09,1.3830,3.33
2025-04-11,1.4130,2025-04-10,1.3260,6.56
2025-04-14,1.4320,2025-04-11,1.3510,6.00
2025-04-15,1.4160,2025-04-14,1.3590,4.19
2025-04-16,1.3890,2025-04-15,1.3610,2.06
2025-04-17,1.3900,2025-04-16,1.3200,5.30
2025-04-18,1.3810,2025-04-17,1.3200,4.62
2025-04-21,1.3690,2025-04-18,1.3190,3.79
2025-04-22,1.3710,2025-04-21,1.2870,6.53
2025-04-23,1.4150,2025-04-22,1.3210,7.12
2025-04-24,1.3980,2025-04-23,1.3510,3.48
2025-04-25,1.4440,2025-04-24,1.3880,4.03
2025-04-28,1.4480,2025-04-25,1.4040,3.13
2025-04-29,1.4460,2025-04-28,1.4030,3.06
2025-04-30,1.4460,2025-04-29,1.4110,2.48
2025-05-06,1.4570,2025-04-30,1.4120,3.19
2025-05-07,1.4620,2025-05-06,1.4280,2.38
2025-05-08,1.4850,2025-05-07,1.4330,3.63
2025-05-09,1.4860,2025-05-08,1.4490,2.55
2025-05-12,1.5160,2025-05-09,1.4490,4.62
2025-05-13,1.5220,2025-05-12,1.5070,1.00
2025-05-14,1.5660,2025-05-13,1.5290,2.42
2025-05-15,1.5590,2025-05-14,1.5370,1.43
2025-05-16,1.5610,2025-05-15,1.5380,1.50
2025-05-19,1.5470,2025-05-16,1.5450,0.13
2025-05-20,1.5640,2025-05-19,1.5460,1.16
2025-05-21,1.5490,2025-05-20,1.5400,0.58
2025-05-22,1.5390,2025-05-21,1.5200,1.25
2025-05-23,1.5340,2025-05-22,1.5210,0.85
2025-05-26,1.5430,2025-05-23,1.5070,2.39
2025-05-27,1.5500,2025-05-26,1.5060,2.92
2025-05-28,1.5680,2025-05-27,1.5420,1.69
2025-05-29,1.5890,2025-05-28,1.5360,3.45
2025-05-30,1.5560,2025-05-29,1.5390,1.10
2025-06-03,1.5620,2025-05-30,1.5360,1.69
2025-06-04,1.5750,2025-06-03,1.5600,0.96
2025-06-05,1.5710,2025-06-04,1.5640,0.45
2025-06-06,1.5670,2025-06-05,1.5510,1.03
2025-06-09,1.5710,2025-06-06,1.5660,0.32
2025-06-10,1.5710,2025-06-09,1.5690,0.13
2025-06-11,1.5770,2025-06-10,1.5790,-0.13
2025-06-12,1.5710,2025-06-11,1.5730,-0.13
2025-06-13,1.5540,2025-06-12,1.5760,-1.40
2025-06-16,1.5670,2025-06-13,1.5550,0.77
2025-06-17,1.5730,2025-06-16,1.5780,-0.32
2025-06-18,1.5680,2025-06-17,1.5610,0.45
2025-06-19,1.5590,2025-06-18,1.5610,-0.13
2025-06-20,1.5620,2025-06-19,1.5610,0.06
2025-06-23,1.5590,2025-06-20,1.5530,0.39
2025-06-24,1.5950,2025-06-23,1.5700,1.59
2025-06-25,1.5950,2025-06-24,1.5930,0.13
2025-06-26,1.6030,2025-06-25,1.5960,0.44
2025-06-27,1.6190,2025-06-26,1.6100,0.56
2025-06-30,1.6290,2025-06-27,1.6170,0.74
2025-07-01,1.6220,2025-06-30,1.6260,-0.25
2025-07-02,1.6230,2025-07-01,1.6110,0.74
2025-07-03,1.6260,2025-07-02,1.6230,0.18
2025-07-04,1.6360,2025-07-03,1.6380,-0.12
2025-07-07,1.6350,2025-07-04,1.6380,-0.18
2025-07-08,1.6360,2025-07-07,1.6250,0.68
2025-07-09,1.6300,2025-07-08,1.6260,0.25
2025-07-10,1.6390,2025-07-09,1.6380,0.06
2025-07-11,1.6330,2025-07-10,1.6350,-0.12
2025-07-14,1.6230,2025-07-11,1.6310,-0.49
2025-07-15,1.6480,2025-07-14,1.6360,0.73
2025-07-16,1.6380,2025-07-15,1.6380,0.00
2025-07-17,1.6500,2025-07-16,1.6410,0.55
2025-07-18,1.6620,2025-07-17,1.6510,0.67
2025-07-21,1.6620,2025-07-18,1.6510,0.67
2025-07-22,1.6630,2025-07-21,1.6600,0.18
2025-07-23,1.6600,2025-07-22,1.6500,0.61
2025-07-24,1.6630,2025-07-23,1.6560,0.42
2025-07-25,1.6660,2025-07-24,1.6590,0.42
2025-07-28,1.6840,2025-07-25,1.6640,1.20
2025-07-29,1.6830,2025-07-28,1.6710,0.72
2025-07-30,1.6800,2025-07-29,1.6680,0.72
2025-07-31,1.7040,2025-07-30,1.6690,2.10
2025-08-01,1.6710,2025-07-31,1.6620,0.54
2025-08-04,1.6480,2025-08-01,1.6290,1.17
2025-08-05,1.6790,2025-08-04,1.6570,1.33
2025-08-06,1.6700,2025-08-05,1.6440,1.58
2025-08-07,1.6840,2025-08-06,1.6660,1.08
2025-08-08,1.6910,2025-08-07,1.6700,1.26
2025-08-11,1.7080,2025-08-08,1.6870,1.24
2025-08-12,1.7030,2025-08-11,1.6810,1.31
2025-08-13,1.7210,2025-08-12,1.7040,1.00
2025-08-14,1.7170,2025-08-13,1.7030,0.82
2025-08-15,1.7220,2025-08-14,1.7020,1.18
2025-08-18,1.7100,2025-08-15,1.6940,0.94
2025-08-19,1.7030,2025-08-18,1.6930,0.59
2025-08-20,1.6840,2025-08-19,1.6700,0.84
2025-08-21,1.6900,2025-08-20,1.6610,1.75
2025-08-22,1.6760,2025-08-21,1.6510,1.51
2025-08-25,1.6980,2025-08-22,1.6770,1.25
2025-08-26,1.6900,2025-08-25,1.6690,1.26
2025-08-27,1.7040,2025-08-26,1.6760,1.67
2025-08-28,1.6930,2025-08-27,1.6770,0.95
2025-08-29,1.6920,2025-08-28,1.6860,0.36
2025-09-01,1.6730,2025-08-29,1.6650,0.48
2025-09-02,1.6760,2025-09-01,1.6660,0.60
2025-09-03,1.6760,2025-09-02,1.6530,1.39
2025-09-04,1.6820,2025-09-03,1.6660,0.96
2025-09-05,1.7010,2025-09-04,1.6810,1.19
2025-09-08,1.6960,2025-09-05,1.6830,0.77
2025-09-09,1.7010,2025-09-08,1.6900,0.65
2025-09-10,1.7110,2025-09-09,1.6940,1.00
2025-09-11,1.7080,2025-09-10,1.6960,0.71
2025-09-12,1.7140,2025-09-11,1.7060,0.47
2025-09-15,1.7270,2025-09-12,1.7120,0.88
2025-09-16,1.7360,2025-09-15,1.7280,0.46
2025-09-17,1.7290,2025-09-16,1.7250,0.23
2025-09-18,1.7440,2025-09-17,1.7210,1.34
2025-09-19,1.7510,2025-09-18,1.7390,0.69
2025-09-22,1.7710,2025-09-19,1.7520,1.08
2025-09-23,1.8000,2025-09-22,1.7610,2.21
2025-09-24,1.7850,2025-09-23,1.7470,2.18
2025-09-25,1.7790,2025-09-24,1.7420,2.12
2025-09-26,1.7800,2025-09-25,1.7360,2.53
2025-09-29,1.8000,2025-09-26,1.7440,3.21
2025-09-30,1.8130,2025-09-29,1.7500,3.60
2025-10-09,1.8510,2025-09-30,1.7540,5.53
2025-10-10,1.8600,2025-10-09,1.7850,4.20
2025-10-13,1.8290,2025-10-10,1.7210,6.28
2025-10-14,1.8100,2025-10-13,1.7570,3.02
2025-10-15,1.8250,2025-10-14,1.7460,4.52
2025-10-16,1.8380,2025-10-15,1.7570,4.61
2025-10-17,1.8070,2025-10-16,1.7500,3.26
2025-10-20,1.8590,2025-10-17,1.7610,5.57
2025-10-21,1.8730,2025-10-20,1.7840,4.99
2025-10-22,1.8830,2025-10-21,1.7820,5.67
2025-10-23,1.8830,2025-10-22,1.7650,6.69
2025-10-24,1.9020,2025-10-23,1.7790,6.91
2025-10-27,1.9560,2025-10-24,1.7980,8.79
2025-10-28,1.9610,2025-10-27,1.8290,7.22
2025-10-29,2.0000,2025-10-28,1.8420,8.58
2025-10-30,1.9850,2025-10-29,1.8500,7.30
2025-10-31,1.9820,2025-10-30,1.8230,8.72
2025-11-03,1.9760,2025-10-31,1.8320,7.86
2025-11-04,1.9400,2025-11-03,1.8400,5.43
2025-11-05,1.9120,2025-11-04,1.8020,6.10
2025-11-06,1.9490,2025-11-05,1.8160,7.32
2025-11-07,1.9240,2025-11-06,1.7800,8.09
2025-11-10,1.9510,2025-11-07,1.7740,9.98
2025-11-11,1.9590,2025-11-10,1.8140,7.99
2025-11-12,1.9740,2025-11-11,1.8080,9.18
2025-11-13,1.9750,2025-11-12,1.8060,9.36
2025-11-14,1.9230,2025-11-13,1.7700,8.64
2025-11-17,1.9090,2025-11-14,1.7700,7.85
2025-11-18,1.8440,2025-11-17,1.7550,5.07
2025-11-19,1.8360,2025-11-18,1.7350,5.82
2025-11-20,1.9070,2025-11-19,1.7450,9.28
2025-11-21,1.8480,2025-11-20,1.7050,8.39
2025-11-24,1.8560,2025-11-21,1.7170,8.10
2025-11-25,1.8970,2025-11-24,1.7610,7.72
2025-11-26,1.9270,2025-11-25,1.7710,8.81
2025-11-27,1.9250,2025-11-26,1.7860,7.78
2025-11-28,1.9430,2025-11-27,1.7850,8.85
2025-12-01,1.9360,2025-11-28,1.7990,7.62
2025-12-02,1.9400,2025-12-01,1.7920,8.26
2025-12-03,1.9650,2025-12-02,1.8080,8.68
2025-12-04,1.9650,2025-12-03,1.8110,8.50
2025-12-05,1.9630,2025-12-04,1.8080,8.57
2025-12-08,1.9520,2025-12-05,1.8170,7.43
2025-12-09,1.9280,2025-12-08,1.8130,6.34
2025-12-10,1.9440,2025-12-09,1.8160,7.05
2025-12-11,1.9180,2025-12-10,1.8230,5.21
2025-12-12,1.9210,2025-12-11,1.8150,5.84
2025-12-15,1.9020,2025-12-12,1.7790,6.91
2025-12-16,1.8730,2025-12-15,1.7700,5.82
2025-12-17,1.8990,2025-12-16,1.7730,7.11
2025-12-18,1.8780,2025-12-17,1.7390,7.99
2025-12-19,1.9160,2025-12-18,1.7650,8.56
2025-12-22,1.9450,2025-12-19,1.7870,8.84
2025-12-23,1.9350,2025-12-22,1.7955,7.77
2025-12-24,1.9330,2025-12-23,1.8032,7.20
2025-12-25,1.9300,2025-12-24,1.8067,6.82
2025-12-26,1.9290,2025-12-25,1.8047,6.89
2025-12-29,1.9160,2025-12-26,1.8030,6.27
2025-12-30,1.9140,2025-12-29,1.7938,6.70
2025-12-31,1.9040,2025-12-30,1.7898,6.38
2026-01-05,1.9300,2025-12-31,1.7735,8.82
2026-01-06,1.9250,2026-01-05,1.7825,7.99
2026-01-07,1.9190,2026-01-06,1.7978,6.74
2026-01-08,1.8990,2026-01-07,1.7991,5.55
2026-01-09,1.9030,2026-01-08,1.7890,6.37
2026-01-12,1.8930,2026-01-09,1.8054,4.85
2026-01-13,1.9150,2026-01-12,1.8063,6.02
2026-01-14,1.9090,2026-01-13,1.8029,5.88
2026-01-15,1.9010,2026-01-14,1.7841,6.55
2026-01-16,1.9040,2026-01-15,1.7884,6.46
2026-01-19,1.8870,2026-01-16,1.7874,5.57
2026-01-20,1.8760,2026-01-19,1.7866,5.00
2026-01-21,1.8750,2026-01-20,1.7476,7.29
2026-01-22,1.9010,2026-01-21,1.7714,7.32
2026-01-23,1.8910,2026-01-22,1.7849,5.94
2026-01-26,1.8820,2026-01-23,1.7887,5.22
2026-01-27,1.8940,2026-01-26,1.7940,5.57
2026-01-28,1.9050,2026-01-27,1.8101,5.24
2026-01-29,1.8910,2026-01-28,1.8133,4.29
2026-01-30,1.8810,2026-01-29,1.8040,4.27
2026-02-02,1.8330,2026-01-30,1.7788,3.05
2026-02-03,1.8720,2026-02-02,1.7920,4.46
2026-02-04,1.8530,2026-02-03,1.7621,5.16
2026-02-05,1.8400,2026-02-04,1.7292,6.41
2026-02-06,1.8130,2026-02-05,1.7063,6.25
2026-02-09,1.8470,2026-02-06,1.7432,5.95
2026-02-10,1.8440,2026-02-09,1.7549,5.08
2026-02-11,1.8410,2026-02-10,1.7437,5.58
2026-02-12,1.8360,2026-02-11,1.7482,5.02
2026-02-13,1.8300,2026-02-12,1.7131,6.82
2026-02-24,1.8230,2026-02-13,1.7149,6.30
2026-02-25,1.8250,2026-02-24,1.7320,5.37
2026-02-26,1.8320,2026-02-25,1.7541,4.44
2026-02-27,1.8190,2026-02-26,1.7314,5.06
2026-03-02,1.8020,2026-02-27,1.7264,4.38
2026-03-03,1.7860,2026-03-02,1.7287,3.31
2026-03-04,1.7620,2026-03-03,1.7065,3.25
2026-03-05,1.8000,2026-03-04,1.7331,3.86
2026-03-06,1.8010,2026-03-05,1.7253,4.39
2026-03-09,1.7560,2026-03-06,1.6999,3.30
2026-03-10,1.7880,2026-03-09,1.7253,3.63
2026-03-11,1.7920,2026-03-10,1.7204,4.16
2026-03-12,1.7840,2026-03-11,1.7194,3.76
2026-03-13,1.7670,2026-03-12,1.6908,4.51
2026-03-16,1.7740,2026-03-13,1.6815,5.50
2026-03-17,1.7680,2026-03-16,1.7015,3.91
2026-03-18,1.7890,2026-03-17,1.7078,4.75
2026-03-19,1.7640,2026-03-18,1.6821,4.87
2026-03-20,1.7490,2026-03-19,1.6788,4.18
2026-03-23,1.6800,2026-03-20,1.6456,2.09
2026-03-24,1.7170,2026-03-23,1.6688,2.89
2026-03-25,1.7340,2026-03-24,1.6537,4.86
2026-03-26,1.7160,2026-03-25,1.6640,3.12
2026-03-27,1.7080,2026-03-26,1.6276,4.94
2026-03-30,1.6830,2026-03-27,1.5981,5.31
2026-03-31,1.6740,2026-03-30,1.5874,5.46
2026-04-01,1.7520,2026-03-31,1.6410,6.76
2026-04-02,1.7210,2026-04-01,1.6565,3.89
2026-04-03,1.7310,2026-04-02,1.6551,4.59
2026-04-07,1.7320,2026-04-03,1.6561,4.58
2026-04-08,1.8330,2026-04-07,1.6650,10.09
2026-04-09,1.8050,2026-04-08,1.7090,5.62
2026-04-10,1.8090,2026-04-09,1.7205,5.14
2026-04-13,1.7980,2026-04-10,1.7229,4.36
2026-04-14,1.8250,2026-04-13,1.7411,4.82
2026-04-15,1.8640,2026-04-14,1.7708,5.26
2026-04-16,1.9070,2026-04-15,1.7953,6.22
2026-04-17,1.8920,2026-04-16,1.8049,4.83
2026-04-20,1.8900,2026-04-17,1.8282,3.38
2026-04-21,1.8920,2026-04-20,1.8232,3.77
2026-04-22,1.8960,2026-04-21,1.8142,4.51
2026-04-23,1.9050,2026-04-22,1.8464,3.17
2026-04-24,1.9070,2026-04-23,1.8362,3.86
2026-04-27,1.9450,2026-04-24,1.8723,3.88
2026-04-28,1.9630,2026-04-27,1.8699,4.98
2026-04-29,1.9620,2026-04-28,1.8513,5.98
2026-04-30,1.9590,2026-04-29,1.8625,5.18
2026-05-06,2.0100,2026-04-30,1.8812,6.85
2026-05-07,2.0540,2026-05-06,1.9576,4.92
2026-05-08,2.0650,2026-05-07,1.9531,5.73
2026-05-11,2.1080,2026-05-08,1.9993,5.44
2026-05-12,2.0810,2026-05-11,2.0042,3.83
2026-05-13,2.0930,2026-05-12,1.9856,5.41
2026-05-14,2.1050,2026-05-13,2.0063,4.92
2026-05-15,2.1000,2026-05-14,2.0200,3.96
2026-05-18,2.0660,2026-05-15,1.9896,3.84
2026-05-19,2.0470,2026-05-18,1.9811,3.33
2026-05-20,2.0580,2026-05-19,1.9675,4.60
2026-05-21,2.1030,2026-05-20,2.0006,5.12
2026-05-22,2.1460,2026-05-21,2.0035,7.11
2026-05-25,2.2310,2026-05-22,2.0126,10.85
2026-05-26,2.1850,2026-05-25,2.0109,8.66
2026-05-27,2.2230,2026-05-26,2.0453,8.69
2026-05-28,2.2140,2026-05-27,2.0435,8.34
2026-05-29,2.2730,2026-05-28,2.0591,10.39
2026-06-01,2.3650,2026-05-29,2.0646,14.55
2026-06-02,2.3430,2026-06-01,2.0764,12.84
2026-06-03,2.2990,2026-06-02,2.0870,10.16
2026-06-04,2.2400,2026-06-03,2.0808,7.65
2026-06-05,2.2050,2026-06-04,2.0707,6.49
2026-06-08,2.1140,2026-06-05,1.9710,7.26
2026-06-09,2.2000,2026-06-08,2.0029,9.84
2026-06-10,2.1430,2026-06-09,1.9790,8.29
2026-06-11,2.1300,2026-06-10,1.9394,9.83
2026-06-12,2.1620,2026-06-11,2.0035,7.91
2026-06-15,2.2580,2026-06-12,2.0152,12.05
2026-06-16,2.2800,2026-06-15,2.0754,9.86
2026-06-17,2.2790,2026-06-16,2.0370,11.88
2026-06-18,2.2660,2026-06-17,2.0164,12.38
2026-06-22,2.2500,2026-06-18,2.0671,8.85
2026-06-23,2.1740,2026-06-22,2.0635,5.35
2026-06-24,2.1870,2026-06-23,1.9962,9.56
2026-06-25,2.2080,2026-06-24,1.9881,11.06
2026-06-26,2.1580,2026-06-25,2.0034,7.72
2026-06-29,2.1780,2026-06-26,1.9801,9.99
2026-06-30,2.2040,2026-06-29,2.0249,8.84
2026-07-01,2.2090,2026-06-30,2.0568,7.40
2026-07-02,2.1580,2026-07-01,2.0243,6.60
2026-07-03,2.1670,2026-07-02,1.9920,8.79
2026-07-06,2.1710,2026-07-03,1.9908,9.05
2026-07-07,2.1690,2026-07-06,2.0164,7.57
2026-07-08,2.1410,2026-07-07,1.9803,8.11
2026-07-09,2.1660,2026-07-08,1.9863,9.05
2026-07-10,2.1740,2026-07-09,2.0172,7.77
2026-07-13,2.1680,2026-07-10,2.0224,7.20
2026-07-14,2.1700,2026-07-13,1.9839,9.38
2026-07-15,2.1880,2026-07-14,2.0061,9.07
2026-07-16,2.1670,2026-07-15,1.9981,8.45
2026-07-17,2.1070,2026-07-16,1.9659,7.18
2026-07-20,2.0960,2026-07-17,1.9371,8.20
2026-07-21,2.1300,2026-07-20,1.9381,9.90
2026-07-22,2.1300,2026-07-21,1.9744,7.88
2026-07-23,2.1310,2026-07-22,1.9643,8.49
2026-07-24,2.1040,2026-07-23,1.9267,9.20
2026-07-27,2.1180,2026-07-24,1.9055,11.15
2026-07-28,2.0680,2026-07-27,1.8986,8.92
2026-07-29,2.0740,2026-07-28,1.8805,10.29
2026-07-30,2.0410,2026-07-29,1.8410,10.86
2026-07-31,2.1120,2026-07-30,1.9024,11.02
2026-08-03,2.1270,2026-07-31,1.9139,11.13
2026-08-04,2.1920,2026-08-03,1.9477,12.54
2026-08-05,2.2670,2026-08-04,2.0129,12.62
2026-08-06,2.2440,2026-08-05,1.9959,12.43
2026-08-07,2.2660,2026-08-06,1.9882,13.97
2026-08-10,2.2610,2026-08-07,2.0120,12.38
2026-08-11,2.2150,2026-08-10,2.0047,10.49
2026-08-12,2.2260,2026-08-11,1.9985,11.38
2026-08-13,2.2260,2026-08-12,2.0127,10.60
2026-08-14,2.2640,2026-08-13,2.0359,11.20
2026-08-17,2.2740,2026-08-14,2.0330,11.85
2026-08-18,2.2390,2026-08-17,2.0294,10.33
2026-08-19,2.2000,2026-08-18,1.9961,10.21
2026-08-20,2.2120,2026-08-19,1.9902,11.14
2026-08-21,2.1950,2026-08-20,1.9748,11.15
2026-08-24,2.1660,2026-08-21,1.9816,9.31
2026-08-25,2.1950,2026-08-24,1.9629,11.82
2026-08-26,2.2030,2026-08-25,1.9756,11.51
2026-08-27,2.2290,2026-08-26,1.9759,12.81
2026-08-28,2.2350,2026-08-26,1.9759,13.11
