价格日期,收盘价,净值日期,净值,计算溢价率%,集思录溢价率%,差异百分点
2026-06-17,2.509,2026-06-16,2.2854,9.78,9.78,0.0
2026-06-18,2.5,2026-06-17,2.2618,10.53,10.53,0.0
2026-06-23,2.412,2026-06-22,2.3142,4.23,4.23,0.0
2026-06-24,2.425,2026-06-23,2.2387,8.32,8.32,0.0
2026-06-25,2.453,2026-06-24,2.2297,10.01,10.01,0.0
2026-06-26,2.388,2026-06-25,2.2469,6.28,6.28,0.0
2026-06-29,2.402,2026-06-26,2.2208,8.16,8.16,0.0
2026-06-30,2.435,2026-06-29,2.2711,7.22,7.22,0.0
2026-07-01,2.44,2026-06-30,2.3069,5.77,5.77,0.0
2026-07-02,2.38,2026-07-01,2.2702,4.84,4.84,0.0
2026-07-03,2.395,2026-07-02,2.2342,7.2,7.2,0.0
2026-07-06,2.397,2026-07-03,2.2328,7.35,7.35,0.0
2026-07-07,2.385,2026-07-06,2.2615,5.46,5.46,0.0
2026-07-08,2.346,2026-07-07,2.2226,5.55,5.55,0.0
2026-07-09,2.381,2026-07-08,2.2293,6.8,6.8,0.0
2026-07-10,2.384,2026-07-09,2.264,5.3,5.3,0.0
2026-07-13,2.368,2026-07-10,2.2699,4.32,4.32,0.0
2026-07-14,2.372,2026-07-13,2.2265,6.53,6.53,0.0
2026-07-15,2.402,2026-07-14,2.2516,6.68,6.68,0.0
2026-07-16,2.377,2026-07-15,2.2425,6.0,6.0,0.0
2026-07-17,2.298,2026-07-16,2.2063,4.16,4.16,0.0
2026-07-20,2.298,2026-07-17,2.1741,5.7,5.7,0.0
2026-07-21,2.342,2026-07-20,2.1753,7.66,7.66,0.0
2026-07-22,2.336,2026-07-21,2.216,5.42,5.42,0.0
2026-07-23,2.334,2026-07-22,2.2046,5.87,5.87,0.0
2026-07-24,2.303,2026-07-23,2.1625,6.5,6.5,0.0
2026-07-27,2.324,2026-07-24,2.1387,8.66,8.66,0.0
2026-07-28,2.259,2026-07-27,2.1309,6.01,6.01,0.0
2026-07-29,2.268,2026-07-28,2.1105,7.46,7.46,0.0
2026-07-30,2.231,2026-07-29,2.0663,7.97,7.97,0.0
2026-07-31,2.315,2026-07-30,2.1354,8.41,8.41,0.0
2026-08-03,2.326,2026-07-31,2.1482,8.28,8.28,0.0
2026-08-04,2.392,2026-08-03,2.1864,9.4,9.4,0.0
2026-08-05,2.479,2026-08-04,2.2596,9.71,9.71,0.0
2026-08-06,2.441,2026-08-05,2.24,8.97,8.97,0.0
2026-08-07,2.455,2026-08-06,2.2315,10.02,10.02,0.0
2026-08-10,2.466,2026-08-07,2.2582,9.2,9.2,0.0
2026-08-11,2.429,2026-08-10,2.25,7.96,7.96,0.0
2026-08-12,2.438,2026-08-11,2.2431,8.69,8.69,0.0
2026-08-13,2.442,2026-08-12,2.259,8.1,8.1,0.0
2026-08-14,2.484,2026-08-13,2.285,8.71,8.71,0.0
2026-08-17,2.497,2026-08-14,2.2818,9.43,9.43,0.0
2026-08-18,2.455,2026-08-17,2.2778,7.78,7.78,0.0
2026-08-19,2.406,2026-08-18,2.2405,7.39,7.39,0.0
2026-08-20,2.43,2026-08-19,2.2338,8.78,8.78,0.0
2026-08-21,2.409,2026-08-20,2.2164,8.69,8.69,0.0
2026-08-24,2.38,2026-08-21,2.2241,7.01,7.01,0.0
2026-08-25,2.41,2026-08-24,2.2032,9.39,9.39,0.0
2026-08-26,2.41,2026-08-25,2.2175,8.68,8.68,0.0
2026-08-27,2.439,2026-08-26,2.2179,9.97,9.97,0.0
