日期,收盘价,单位净值,溢价率%
2025-08-28,1.9630,1.8894,3.90
2025-08-29,1.9630,1.8657,5.22
2025-09-01,1.9340,1.8667,3.61
2025-09-02,1.9320,1.8524,4.30
2025-09-03,1.9190,1.8675,2.76
2025-09-04,1.9270,1.8835,2.31
2025-09-05,1.9400,1.8855,2.89
2025-09-08,1.9320,1.8934,2.04
2025-09-09,1.9350,1.8990,1.90
2025-09-10,1.9420,1.9011,2.15
2025-09-11,1.9360,1.9117,1.27
2025-09-12,1.9360,1.9192,0.88
2025-09-15,1.9420,1.9363,0.29
2025-09-16,1.9560,1.9339,1.14
2025-09-17,1.9490,1.9293,1.02
2025-09-18,1.9510,1.9496,0.07
2025-09-19,1.9670,1.9644,0.13
2025-09-22,1.9980,1.9747,1.18
2025-09-23,2.0620,1.9590,5.26
2025-09-24,2.0590,1.9534,5.41
2025-09-25,2.0520,1.9460,5.45
2025-09-26,2.0480,1.9553,4.74
2025-09-29,2.1270,1.9621,8.40
2025-09-30,2.1420,1.9666,8.92
2025-10-09,2.1250,2.0011,6.19
2025-10-10,2.0990,1.9298,8.77
2025-10-13,2.0780,1.9706,5.45
2025-10-14,2.0490,1.9574,4.68
2025-10-15,2.0780,1.9698,5.49
2025-10-16,2.0830,1.9620,6.17
2025-10-17,2.0320,1.9742,2.93
2025-10-20,2.0770,2.0004,3.83
2025-10-21,2.1000,1.9981,5.10
2025-10-22,2.1220,1.9790,7.23
2025-10-23,2.1180,1.9953,6.15
2025-10-24,2.1340,2.0162,5.84
2025-10-27,2.1770,2.0515,6.12
2025-10-28,2.1690,2.0659,4.99
2025-10-29,2.2440,2.0740,8.20
2025-10-30,2.2170,2.0441,8.46
2025-10-31,2.2300,2.0545,8.54
2025-11-03,2.2140,2.0630,7.32
2025-11-04,2.1600,2.0210,6.88
2025-11-05,2.1470,2.0360,5.45
2025-11-06,2.1720,1.9959,8.82
2025-11-07,2.1460,1.9895,7.87
2025-11-10,2.1830,2.0339,7.33
2025-11-11,2.1850,2.0280,7.74
2025-11-12,2.2050,2.0258,8.85
2025-11-13,2.2130,1.9851,11.48
2025-11-14,2.1700,1.9853,9.30
2025-11-17,2.1750,1.9684,10.50
2025-11-18,2.1060,1.9460,8.22
2025-11-19,2.0980,1.9573,7.19
2025-11-20,2.1570,1.9119,12.82
2025-11-21,2.0840,1.9258,8.21
2025-11-24,2.1120,1.9754,6.92
2025-11-25,2.1550,1.9862,8.50
2025-11-26,2.1650,2.0027,8.10
2025-11-27,2.1570,2.0022,7.73
2025-11-28,2.1730,2.0181,7.68
2025-12-01,2.1620,2.0099,7.57
2025-12-02,2.1600,2.0277,6.52
2025-12-03,2.1810,2.0307,7.40
2025-12-04,2.1800,2.0281,7.49
2025-12-05,2.1810,2.0375,7.04
2025-12-08,2.1870,2.0329,7.58
2025-12-09,2.1650,2.0363,6.32
2025-12-10,2.1660,2.0442,5.96
2025-12-11,2.1470,2.0352,5.49
2025-12-12,2.1400,1.9950,7.27
2025-12-15,2.1270,1.9854,7.13
2025-12-16,2.0910,1.9889,5.13
2025-12-17,2.1100,1.9498,8.22
2025-12-18,2.0960,1.9794,5.89
2025-12-19,2.1190,2.0042,5.73
2025-12-22,2.1560,2.0137,7.07
2025-12-23,2.1440,2.0222,6.02
2025-12-24,2.1400,2.0261,5.62
2025-12-25,2.1290,2.0238,5.20
2025-12-26,2.1350,2.0219,5.59
2025-12-29,2.1090,2.0116,4.84
2025-12-30,2.1160,2.0071,5.43
2025-12-31,2.1070,1.9887,5.95
2026-01-05,2.1310,1.9989,6.61
2026-01-06,2.1290,2.0160,5.61
2026-01-07,2.1220,2.0174,5.18
2026-01-08,2.1040,2.0061,4.88
2026-01-09,2.1070,2.0245,4.08
2026-01-12,2.1010,2.0255,3.73
2026-01-13,2.1150,2.0217,4.61
2026-01-14,2.1050,2.0006,5.22
2026-01-15,2.1020,2.0053,4.82
2026-01-16,2.0980,2.0043,4.67
2026-01-19,2.0780,2.0034,3.72
2026-01-20,2.0620,1.9587,5.27
2026-01-21,2.0580,1.9857,3.64
2026-01-22,2.0840,2.0008,4.16
2026-01-23,2.0760,2.0050,3.54
2026-01-26,2.0600,2.0109,2.44
2026-01-27,2.0810,2.0290,2.56
2026-01-28,2.1010,2.0325,3.37
2026-01-29,2.0930,2.0221,3.51
2026-01-30,2.0750,1.9937,4.08
2026-02-02,2.0290,2.0086,1.02
2026-02-03,2.0670,1.9749,4.66
2026-02-04,2.0540,1.9381,5.98
2026-02-05,2.0320,1.9124,6.25
2026-02-06,2.0020,1.9538,2.47
2026-02-09,2.0350,1.9669,3.46
2026-02-10,2.0350,1.9541,4.14
2026-02-11,2.0370,1.9592,3.97
2026-02-12,2.0340,1.9198,5.95
2026-02-13,2.0260,1.9218,5.42
2026-02-24,2.0090,1.9412,3.49
2026-02-25,2.0110,1.9658,2.30
2026-02-26,2.0270,1.9403,4.47
2026-02-27,2.0080,1.9348,3.78
2026-03-02,1.9840,1.9374,2.41
2026-03-03,1.9710,1.9123,3.07
2026-03-04,1.9470,1.9420,0.26
2026-03-05,1.9890,1.9330,2.90
2026-03-06,1.9920,1.9047,4.58
2026-03-09,1.9460,1.9335,0.65
2026-03-10,1.9790,1.9277,2.66
2026-03-11,1.9830,1.9265,2.93
2026-03-12,1.9730,1.8944,4.15
2026-03-13,1.9530,1.8841,3.66
2026-03-16,1.9610,1.9066,2.85
2026-03-17,1.9460,1.9135,1.70
2026-03-18,1.9770,1.8846,4.90
2026-03-19,1.9380,1.8812,3.02
2026-03-20,1.9240,1.8442,4.33
2026-03-23,1.8620,1.8705,-0.45
2026-03-24,1.9010,1.8534,2.57
2026-03-25,1.9160,1.8649,2.74
2026-03-26,1.8990,1.8243,4.09
2026-03-27,1.8860,1.7914,5.28
2026-03-30,1.8580,1.7795,4.41
2026-03-31,1.8460,1.8396,0.35
2026-04-01,1.9270,1.8568,3.78
2026-04-02,1.8960,1.8550,2.21
2026-04-03,1.9000,1.8563,2.35
2026-04-07,1.9060,1.8662,2.13
2026-04-08,1.9980,1.9153,4.32
2026-04-09,1.9810,1.9281,2.74
2026-04-10,1.9950,1.9308,3.33
2026-04-13,1.9890,1.9513,1.93
2026-04-14,2.0170,1.9846,1.63
2026-04-15,2.0500,2.0120,1.89
2026-04-16,2.0960,2.0228,3.62
2026-04-17,2.0800,2.0490,1.51
2026-04-20,2.0800,2.0434,1.79
2026-04-21,2.0870,2.0333,2.64
2026-04-22,2.0920,2.0696,1.08
2026-04-23,2.1020,2.0581,2.13
2026-04-24,2.1060,2.0988,0.34
2026-04-27,2.1450,2.0960,2.34
2026-04-28,2.1450,2.0750,3.37
2026-04-29,2.1380,2.0877,2.41
2026-04-30,2.1450,2.1086,1.73
2026-05-06,2.2570,2.1945,2.85
2026-05-07,2.3170,2.1894,5.83
2026-05-08,2.2790,2.2413,1.68
2026-05-11,2.3330,2.2468,3.84
2026-05-12,2.3040,2.2258,3.51
2026-05-13,2.3220,2.2492,3.24
2026-05-14,2.3300,2.2645,2.89
2026-05-15,2.3110,2.2304,3.61
2026-05-18,2.2700,2.2215,2.18
2026-05-19,2.2610,2.2061,2.49
2026-05-20,2.2700,2.2437,1.17
2026-05-21,2.2940,2.2462,2.13
2026-05-22,2.3290,2.2566,3.21
2026-05-25,2.4170,2.2547,7.20
2026-05-26,2.3900,2.2936,4.20
2026-05-27,2.4390,2.2916,6.43
2026-05-28,2.4160,2.3094,4.62
2026-05-29,2.4830,2.3156,7.23
2026-06-01,2.5740,2.3287,10.53
2026-06-02,2.5430,2.3406,8.65
2026-06-03,2.5090,2.3336,7.52
2026-06-04,2.4530,2.3222,5.63
2026-06-05,2.4230,2.2102,9.63
2026-06-08,2.3300,2.2463,3.73
2026-06-09,2.4220,2.2194,9.13
2026-06-10,2.3580,2.1749,8.42
2026-06-11,2.3360,2.2470,3.96
2026-06-12,2.3750,2.2601,5.08
2026-06-15,2.4780,2.3286,6.42
2026-06-16,2.5070,2.2854,9.70
2026-06-17,2.5090,2.2618,10.93
2026-06-18,2.5000,2.3189,7.81
2026-06-22,2.4940,2.3142,7.77
2026-06-23,2.4120,2.2387,7.74
2026-06-24,2.4250,2.2297,8.76
2026-06-25,2.4530,2.2469,9.17
2026-06-26,2.3880,2.2208,7.53
2026-06-29,2.4020,2.2711,5.76
2026-06-30,2.4350,2.3069,5.55
2026-07-01,2.4400,2.2702,7.48
2026-07-02,2.3800,2.2342,6.53
2026-07-03,2.3950,2.2328,7.26
2026-07-06,2.3970,2.2615,5.99
2026-07-07,2.3850,2.2226,7.31
2026-07-08,2.3460,2.2293,5.23
2026-07-09,2.3810,2.2640,5.17
2026-07-10,2.3840,2.2699,5.03
2026-07-13,2.3680,2.2265,6.36
2026-07-14,2.3720,2.2516,5.35
2026-07-15,2.4020,2.2425,7.11
2026-07-16,2.3770,2.2063,7.74
2026-07-17,2.2980,2.1741,5.70
2026-07-20,2.2980,2.1753,5.64
2026-07-21,2.3420,2.2160,5.69
2026-07-22,2.3360,2.2046,5.96
2026-07-23,2.3340,2.1625,7.93
2026-07-24,2.3030,2.1387,7.68
2026-07-27,2.3240,2.1309,9.06
2026-07-28,2.2590,2.1105,7.04
2026-07-29,2.2680,2.0663,9.76
2026-07-30,2.2310,2.1354,4.48
2026-07-31,2.3150,2.1482,7.76
2026-08-03,2.3260,2.1864,6.38
2026-08-04,2.3920,2.2596,5.86
2026-08-05,2.4790,2.2400,10.67
2026-08-06,2.4410,2.2315,9.39
2026-08-07,2.4550,2.2582,8.71
2026-08-10,2.4660,2.2500,9.60
2026-08-11,2.4290,2.2431,8.29
2026-08-12,2.4380,2.2590,7.92
2026-08-13,2.4420,2.2850,6.87
2026-08-14,2.4840,2.2818,8.86
2026-08-17,2.4970,2.2778,9.62
2026-08-18,2.4550,2.2405,9.57
2026-08-19,2.4060,2.2338,7.71
2026-08-20,2.4300,2.2164,9.64
2026-08-21,2.4090,2.2241,8.31
2026-08-24,2.3800,2.2032,8.02
2026-08-25,2.4100,2.2175,8.68
2026-08-26,2.4100,2.2179,8.66
